测速日志 2026-10-08 09:08:36
速度阈值: 300KB/s
运行次数: 7
HTTPS验证: False

[2026-10-08 09:08:38] ✅ 通过阈值 HTTP测速: http://120.76.248.139/live/bfgd/4200000061.m3u8
   速度: 862.30KB/s | 数据量: 0.9KB | 总耗时: 0.41s | 阈值: 300KB/s
[2026-10-08 09:08:38] ✅ 通过阈值 HTTP测速: http://120.76.248.139/live/bfgd/4200000488.m3u8
   速度: 858.40KB/s | 数据量: 0.9KB | 总耗时: 0.42s | 阈值: 300KB/s
[2026-10-08 09:08:38] ✅ 通过阈值 HTTP测速: http://120.76.248.139/live/bfgd/4200000246.m3u8
   速度: 862.30KB/s | 数据量: 0.9KB | 总耗时: 0.41s | 阈值: 300KB/s
[2026-10-08 09:08:38] ✅ 通过阈值 HTTP测速: http://120.76.248.139/live/bfgd/4200000063.m3u8
   速度: 859.38KB/s | 数据量: 0.9KB | 总耗时: 0.44s | 阈值: 300KB/s
[2026-10-08 09:08:38] ✅ 通过阈值 HTTP测速: http://120.76.248.139/live/bfgd/4200000066.m3u8
   速度: 862.30KB/s | 数据量: 0.9KB | 总耗时: 0.44s | 阈值: 300KB/s
[2026-10-08 09:08:38] ✅ 通过阈值 HTTP测速: http://120.76.248.139/live/bfgd/4200000065.m3u8
   速度: 859.38KB/s | 数据量: 0.9KB | 总耗时: 0.44s | 阈值: 300KB/s
[2026-10-08 09:08:38] ✅ 通过阈值 HTTP测速: http://120.76.248.139/live/bfgd/4200000062.m3u8
   速度: 862.30KB/s | 数据量: 0.9KB | 总耗时: 0.56s | 阈值: 300KB/s
[2026-10-08 09:08:38] ✅ 通过阈值 HTTP测速: http://120.76.248.139/live/bfgd/4200000127.m3u8
   速度: 859.38KB/s | 数据量: 0.9KB | 总耗时: 0.57s | 阈值: 300KB/s
[2026-10-08 09:08:38] ✅ 通过阈值 HTTP测速: http://120.76.248.139/live/bfgd/4200000064.m3u8
   速度: 862.30KB/s | 数据量: 0.9KB | 总耗时: 0.57s | 阈值: 300KB/s
[2026-10-08 09:08:38] ✅ 通过阈值 HTTP测速: http://120.76.248.139/live/bfgd/4200000128.m3u8
   速度: 862.30KB/s | 数据量: 0.9KB | 总耗时: 0.57s | 阈值: 300KB/s
[2026-10-08 09:08:39] ✅ 通过阈值 HTTP测速: http://120.76.248.139/live/bfgd/4200000129.m3u8
   速度: 862.30KB/s | 数据量: 0.9KB | 总耗时: 0.41s | 阈值: 300KB/s
[2026-10-08 09:08:39] ✅ 通过阈值 HTTP测速: http://120.76.248.139/live/bfgd/4200000132.m3u8
   速度: 862.30KB/s | 数据量: 0.9KB | 总耗时: 0.41s | 阈值: 300KB/s
[2026-10-08 09:08:39] ✅ 通过阈值 HTTP测速: http://120.76.248.139/live/bfgd/4200000067.m3u8
   速度: 858.40KB/s | 数据量: 0.9KB | 总耗时: 0.43s | 阈值: 300KB/s
[2026-10-08 09:08:39] ✅ 通过阈值 HTTP测速: http://120.76.248.139/live/bfgd/4200000130.m3u8
   速度: 862.30KB/s | 数据量: 0.9KB | 总耗时: 0.52s | 阈值: 300KB/s
[2026-10-08 09:08:39] ✅ 通过阈值 HTTP测速: http://120.76.248.139/live/bfgd/4200000133.m3u8
   速度: 862.30KB/s | 数据量: 0.9KB | 总耗时: 0.53s | 阈值: 300KB/s
[2026-10-08 09:08:39] ✅ 通过阈值 HTTP测速: http://120.76.248.139/live/bfgd/4200000131.m3u8
   速度: 862.30KB/s | 数据量: 0.9KB | 总耗时: 0.56s | 阈值: 300KB/s
[2026-10-08 09:08:39] ✅ 通过阈值 HTTP测速: http://120.76.248.139/live/bfgd/4200000083.m3u8
   速度: 859.38KB/s | 数据量: 0.9KB | 总耗时: 0.44s | 阈值: 300KB/s
[2026-10-08 09:08:39] ✅ 通过阈值 HTTP测速: http://120.76.248.139/live/bfgd/4200000204.m3u8
   速度: 862.30KB/s | 数据量: 0.9KB | 总耗时: 0.54s | 阈值: 300KB/s
[2026-10-08 09:08:39] ✅ 通过阈值 HTTP测速: http://120.76.248.139/live/bfgd/4200000135.m3u8
   速度: 856.45KB/s | 数据量: 0.9KB | 总耗时: 0.53s | 阈值: 300KB/s
[2026-10-08 09:08:39] ✅ 通过阈值 HTTP测速: http://120.76.248.139/live/bfgd/4200000492.m3u8
   速度: 859.38KB/s | 数据量: 0.9KB | 总耗时: 0.56s | 阈值: 300KB/s
[2026-10-08 09:08:39] ✅ 通过阈值 HTTP测速: http://120.76.248.139/live/bfgd/4200000093.m3u8
   速度: 859.38KB/s | 数据量: 0.9KB | 总耗时: 0.41s | 阈值: 300KB/s
[2026-10-08 09:08:39] ✅ 通过阈值 HTTP测速: http://120.76.248.139/live/bfgd/4200000085.m3u8
   速度: 859.38KB/s | 数据量: 0.9KB | 总耗时: 0.45s | 阈值: 300KB/s
[2026-10-08 09:08:39] ✅ 通过阈值 HTTP测速: http://120.76.248.139/live/bfgd/4200000096.m3u8
   速度: 856.45KB/s | 数据量: 0.9KB | 总耗时: 0.41s | 阈值: 300KB/s
[2026-10-08 09:08:39] ✅ 通过阈值 HTTP测速: http://120.76.248.139/live/bfgd/4200000094.m3u8
   速度: 862.30KB/s | 数据量: 0.9KB | 总耗时: 0.56s | 阈值: 300KB/s
[2026-10-08 09:08:39] ✅ 通过阈值 HTTP测速: http://120.76.248.139/live/bfgd/4200000483.m3u8
   速度: 859.38KB/s | 数据量: 0.9KB | 总耗时: 0.42s | 阈值: 300KB/s
[2026-10-08 09:08:39] ✅ 通过阈值 HTTP测速: http://120.76.248.139/live/bfgd/4200000100.m3u8
   速度: 859.38KB/s | 数据量: 0.9KB | 总耗时: 0.43s | 阈值: 300KB/s
[2026-10-08 09:08:39] ✅ 通过阈值 HTTP测速: http://120.76.248.139/live/bfgd/4200000092.m3u8
   速度: 859.38KB/s | 数据量: 0.9KB | 总耗时: 0.42s | 阈值: 300KB/s
[2026-10-08 09:08:39] ✅ 通过阈值 HTTP测速: http://120.76.248.139/live/bfgd/4200000107.m3u8
   速度: 862.30KB/s | 数据量: 0.9KB | 总耗时: 0.58s | 阈值: 300KB/s
[2026-10-08 09:08:39] ✅ 通过阈值 HTTP测速: http://120.76.248.139/live/bfgd/4200000103.m3u8
   速度: 859.38KB/s | 数据量: 0.9KB | 总耗时: 0.57s | 阈值: 300KB/s
[2026-10-08 09:08:40] ✅ 通过阈值 HTTP测速: http://120.76.248.139/live/bfgd/4200000116.m3u8
   速度: 862.30KB/s | 数据量: 0.9KB | 总耗时: 0.41s | 阈值: 300KB/s
[2026-10-08 09:08:40] ✅ 通过阈值 HTTP测速: http://120.76.248.139/live/bfgd/4200000108.m3u8
   速度: 859.38KB/s | 数据量: 0.9KB | 总耗时: 0.43s | 阈值: 300KB/s
[2026-10-08 09:08:40] ✅ 通过阈值 HTTP测速: http://120.76.248.139/live/bfgd/4200000119.m3u8
   速度: 859.38KB/s | 数据量: 0.9KB | 总耗时: 0.54s | 阈值: 300KB/s
[2026-10-08 09:08:40] ✅ 通过阈值 HTTP测速: http://120.76.248.139/live/bfgd/4200000101.m3u8
   速度: 859.38KB/s | 数据量: 0.9KB | 总耗时: 0.55s | 阈值: 300KB/s
[2026-10-08 09:08:40] ✅ 通过阈值 HTTP测速: http://120.76.248.139/live/bfgd/4200000339.m3u8
   速度: 859.38KB/s | 数据量: 0.9KB | 总耗时: 0.43s | 阈值: 300KB/s
[2026-10-08 09:08:40] ✅ 通过阈值 HTTP测速: http://120.76.248.139/live/bfgd/4200000095.m3u8
   速度: 862.30KB/s | 数据量: 0.9KB | 总耗时: 0.41s | 阈值: 300KB/s
[2026-10-08 09:08:40] ✅ 通过阈值 HTTP测速: http://120.76.248.139/live/bfgd/4200000102.m3u8
   速度: 862.30KB/s | 数据量: 0.9KB | 总耗时: 0.43s | 阈值: 300KB/s
[2026-10-08 09:08:40] ✅ 通过阈值 HTTP测速: http://120.76.248.139/live/bfgd/4200000097.m3u8
   速度: 859.38KB/s | 数据量: 0.9KB | 总耗时: 0.41s | 阈值: 300KB/s
[2026-10-08 09:08:40] ✅ 通过阈值 HTTP测速: http://120.76.248.139/live/bfgd/4200000098.m3u8
   速度: 859.38KB/s | 数据量: 0.9KB | 总耗时: 0.53s | 阈值: 300KB/s
[2026-10-08 09:08:40] ✅ 通过阈值 HTTP测速: http://120.76.248.139/live/bfgd/4200000110.m3u8
   速度: 862.30KB/s | 数据量: 0.9KB | 总耗时: 0.56s | 阈值: 300KB/s
[2026-10-08 09:08:40] ✅ 通过阈值 HTTP测速: http://120.76.248.139/live/bfgd/4200000185.m3u8
   速度: 859.38KB/s | 数据量: 0.9KB | 总耗时: 0.43s | 阈值: 300KB/s
[2026-10-08 09:08:40] ✅ 通过阈值 HTTP测速: http://120.76.248.139/live/bfgd/4200000058.m3u8
   速度: 858.40KB/s | 数据量: 0.9KB | 总耗时: 0.42s | 阈值: 300KB/s
[2026-10-08 09:08:40] ✅ 通过阈值 HTTP测速: http://120.76.248.139/live/bfgd/4200000141.m3u8
   速度: 862.30KB/s | 数据量: 0.9KB | 总耗时: 0.55s | 阈值: 300KB/s
[2026-10-08 09:08:40] ✅ 通过阈值 HTTP测速: http://120.76.248.139/live/bfgd/4200000111.m3u8
   速度: 859.38KB/s | 数据量: 0.9KB | 总耗时: 0.43s | 阈值: 300KB/s
[2026-10-08 09:08:40] ✅ 通过阈值 HTTP测速: http://120.76.248.139/live/bfgd/4200000086.m3u8
   速度: 862.30KB/s | 数据量: 0.9KB | 总耗时: 1.57s | 阈值: 300KB/s
[2026-10-08 09:08:40] ✅ 通过阈值 HTTP测速: http://120.76.248.139/live/bfgd/4200000118.m3u8
   速度: 862.30KB/s | 数据量: 0.9KB | 总耗时: 0.44s | 阈值: 300KB/s
[2026-10-08 09:08:40] ✅ 通过阈值 HTTP测速: http://120.76.248.139/live/bfgd/4200000099.m3u8
   速度: 859.38KB/s | 数据量: 0.9KB | 总耗时: 0.42s | 阈值: 300KB/s
[2026-10-08 09:08:40] ✅ 通过阈值 HTTP测速: http://120.76.248.139/live/bfgd/4200000473.m3u8
   速度: 859.38KB/s | 数据量: 0.9KB | 总耗时: 0.56s | 阈值: 300KB/s
[2026-10-08 09:08:40] 🚫 未达阈值 HTTP测速: http://74.91.26.218:82/live/cctv1hd.m3u8
   速度: 199.22KB/s | 数据量: 0.2KB | 总耗时: 0.20s | 阈值: 300KB/s
[2026-10-08 09:08:40] ✅ 通过阈值 HTTP测速: http://120.76.248.139/live/bfgd/4200000150.m3u8
   速度: 862.30KB/s | 数据量: 0.9KB | 总耗时: 0.53s | 阈值: 300KB/s
[2026-10-08 09:08:41] ✅ 通过阈值 HTTP测速: http://120.76.248.139/live/bfgd/4200000482.m3u8
   速度: 859.38KB/s | 数据量: 0.9KB | 总耗时: 0.44s | 阈值: 300KB/s
[2026-10-08 09:08:41] 🚫 未达阈值 HTTP测速: http://74.91.26.218:82/live/cctv12hd.m3u8
   速度: 211.91KB/s | 数据量: 0.2KB | 总耗时: 0.20s | 阈值: 300KB/s
[2026-10-08 09:08:41] ✅ 通过阈值 HTTP测速: http://120.76.248.139/live/bfgd/4200000121.m3u8
   速度: 859.38KB/s | 数据量: 0.9KB | 总耗时: 0.42s | 阈值: 300KB/s
[2026-10-08 09:08:41] ✅ 通过阈值 HTTP测速: http://120.76.248.139/live/bfgd/4200000122.m3u8
   速度: 859.38KB/s | 数据量: 0.9KB | 总耗时: 0.41s | 阈值: 300KB/s
[2026-10-08 09:08:41] ✅ HTTPS测速成功: https://live-play-hls.cctvnews.cctv.com/CCTVChannel/channel_cctv4_mbd.m3u8?auth_key=1791468000-1-b59134a2ead43d7f783f943c8f535e7bb80c5169575b2e8efcd5b3ddea21b41c-cd180c049f74b653258ec915cdf8bdb2&yid=b59134a2ead43d7f783f943c8f535e7bb80c5169575b2e8efcd5b3ddea21b41c
   速度: 1042.97KB/s | 数据量: 1.0KB | 总耗时: 0.26s | 证书: 有效
[2026-10-08 09:08:41] ✅ 通过阈值 HTTP测速: http://120.76.248.139/live/bfgd/4200000489.m3u8
   速度: 859.38KB/s | 数据量: 0.9KB | 总耗时: 0.57s | 阈值: 300KB/s
[2026-10-08 09:08:41] ✅ HTTPS测速成功: https://0472.org/hls/cgtne.m3u8
   速度: 182.62KB/s | 数据量: 0.2KB | 总耗时: 0.13s | 证书: 有效
[2026-10-08 09:08:41] ✅ HTTPS测速成功: https://0472.org/hls/cgtnf.m3u8
   速度: 183.59KB/s | 数据量: 0.2KB | 总耗时: 0.12s | 证书: 有效
[2026-10-08 09:08:41] ✅ HTTPS测速成功: https://0472.org/hls/cgtn.m3u8
   速度: 125.98KB/s | 数据量: 0.1KB | 总耗时: 0.15s | 证书: 有效
[2026-10-08 09:08:41] ✅ HTTPS测速成功: https://0472.org/hls/cgtnd.m3u8
   速度: 125.98KB/s | 数据量: 0.1KB | 总耗时: 0.17s | 证书: 有效
[2026-10-08 09:08:41] ✅ HTTPS测速成功: https://live-play-hls.cctvnews.cctv.com/CCTVChannel/channel_cctv4k_mbd.m3u8?auth_key=1791468000-1-b59134a2ead43d7f783f943c8f535e7bb80c5169575b2e8efcd5b3ddea21b41c-5356c62f89d5b93f32561ae77698f2b5&yid=b59134a2ead43d7f783f943c8f535e7bb80c5169575b2e8efcd5b3ddea21b41c
   速度: 1048.83KB/s | 数据量: 1.0KB | 总耗时: 0.73s | 证书: 有效
[2026-10-08 09:08:41] ✅ HTTPS测速成功: https://0472.org/hls/cgtnx.m3u8
   速度: 183.59KB/s | 数据量: 0.2KB | 总耗时: 0.16s | 证书: 有效
[2026-10-08 09:08:41] ✅ HTTPS测速成功: https://0472.org/hls/cgtna.m3u8
   速度: 182.62KB/s | 数据量: 0.2KB | 总耗时: 0.16s | 证书: 有效
[2026-10-08 09:08:42] 🚫 未达阈值 HTTP测速: http://ali-m-l.cztv.com/channels/lantian/channel21/1080p.m3u8
   速度: 291.99KB/s | 数据量: 0.3KB | 总耗时: 1.11s | 阈值: 300KB/s
[2026-10-08 09:08:42] ✅ HTTPS测速成功: https://live.264788.xyz/channel/fengyunjuchang?streamid=31e7b5b7032d25dd215a4069cdee1a48&livekey=01WgOR41rriMmMkzNsd0UoaxJRwetZdxIvtVk
   速度: 63766.84KB/s | 数据量: 7188.8KB | 总耗时: 0.45s | 证书: 有效
[2026-10-08 09:08:42] ✅ HTTPS测速成功: https://live.264788.xyz/channel/diyijuchang?streamid=e9b0fb1ca135a4aeae12944494883794&livekey=01WgOR41rriMmMkzNsd0UoaxJRwetZdxIvtVk
   速度: 57340.03KB/s | 数据量: 7188.8KB | 总耗时: 0.65s | 证书: 有效
[2026-10-08 09:08:42] ✅ HTTPS测速成功: https://live.264788.xyz/channel/huaijiujuchang?streamid=7e5d1abdddde08f588234f3f640f75ff&livekey=01WgOR41rriMmMkzNsd0UoaxJRwetZdxIvtVk
   速度: 57952.68KB/s | 数据量: 7188.8KB | 总耗时: 0.67s | 证书: 有效
[2026-10-08 09:08:42] ✅ HTTPS测速成功: https://live.264788.xyz/channel/bingqikeji?streamid=530cb4e58bbc48b7fc26f5e0a2e47966&livekey=01WgOR41rriMmMkzNsd0UoaxJRwetZdxIvtVk
   速度: 54594.45KB/s | 数据量: 7188.8KB | 总耗时: 0.65s | 证书: 有效
[2026-10-08 09:08:42] ✅ HTTPS测速成功: https://live.264788.xyz/channel/yangshiwenhuajingpin?streamid=bc185d1ef1e528922e83efd845006277&livekey=01WgOR41rriMmMkzNsd0UoaxJRwetZdxIvtVk
   速度: 61507.25KB/s | 数据量: 7188.8KB | 总耗时: 0.69s | 证书: 有效
[2026-10-08 09:08:42] 🚫 未达阈值 HTTP测速: http://61.216.67.119:1935/bltvhd/bltv1/chunklist_w1266569526.m3u
   速度: 4.24KB/s | 数据量: 0.6KB | 总耗时: 0.42s | 阈值: 300KB/s
[2026-10-08 09:08:42] ✅ HTTPS测速成功: https://live.264788.xyz/channel/ningxiaweishi?streamid=e1236348f815c36a0429357e5b5c5f10&livekey=01WgOR41rriMmMkzNsd0UoaxJRwetZdxIvtVk
   速度: 68466.17KB/s | 数据量: 7188.8KB | 总耗时: 0.28s | 证书: 有效
[2026-10-08 09:08:42] ✅ HTTPS测速成功: https://english-livetx.cgtn.com/hls/yypdjlctzb_hd.m3u8
   速度: 402.34KB/s | 数据量: 0.4KB | 总耗时: 0.68s | 证书: 有效
[2026-10-08 09:08:42] ✅ 通过阈值 HTTP测速: http://119.39.9.8:9901/tsfile/live/0118_1.m3u8
   速度: 2041.02KB/s | 数据量: 2.0KB | 总耗时: 0.44s | 阈值: 300KB/s
[2026-10-08 09:08:42] ✅ 通过阈值 HTTP测速: http://120.76.248.139/live/bfgd/4200000117.m3u8
   速度: 862.30KB/s | 数据量: 0.9KB | 总耗时: 0.44s | 阈值: 300KB/s
[2026-10-08 09:08:42] 🚫 未达阈值 HTTP测速: http://38.64.72.148:80/hls/modn/list/4007/playlist.m3u8
   速度: 227.54KB/s | 数据量: 0.2KB | 总耗时: 0.02s | 阈值: 300KB/s
[2026-10-08 09:08:42] 🚫 未达阈值 HTTP测速: http://222.128.55.152:9080/live/dwq.m3u8
   速度: 0.43KB/s | 数据量: 0.1KB | 总耗时: 0.63s | 阈值: 300KB/s
[2026-10-08 09:08:42] 🚫 未达阈值 HTTP测速: http://38.64.72.148:80/hls/modn/list/4009/playlist.m3u8
   速度: 227.54KB/s | 数据量: 0.2KB | 总耗时: 0.02s | 阈值: 300KB/s
[2026-10-08 09:08:42] ✅ 通过阈值 HTTP测速: http://218.84.12.186:8001/hls/main/playlist.m3u8?zxinjd;http://218.84.12.186:8001/hls/main/playlist.m3u8zxinjd
   速度: 326.17KB/s | 数据量: 0.3KB | 总耗时: 0.50s | 阈值: 300KB/s
[2026-10-08 09:08:42] ✅ HTTPS测速成功: https://gcwbndali.v.myalicdn.com/gcwbnd/ipanda1000_2/index.m3u8
   速度: 382.81KB/s | 数据量: 0.4KB | 总耗时: 0.70s | 证书: 有效
[2026-10-08 09:08:43] ✅ 通过阈值 HTTP测速: http://111.59.139.82:11888/tsfile/live/0139_1.m3u8?key=txiptv&playlive=1&authid=0
   速度: 428.71KB/s | 数据量: 0.4KB | 总耗时: 0.42s | 阈值: 300KB/s
[2026-10-08 09:08:43] 🚫 未达阈值 HTTP测速: http://ali-m-l.cztv.com/channels/lantian/channel001/1080p.m3u8
   速度: 291.99KB/s | 数据量: 0.3KB | 总耗时: 0.57s | 阈值: 300KB/s
[2026-10-08 09:08:43] ✅ HTTPS测速成功: https://live.264788.xyz/channel/shaanxiweishi?streamid=9dc887dba8ecb4e4143baf4f2373800c&livekey=01WgOR41rriMmMkzNsd0UoaxJRwetZdxIvtVk
   速度: 71369.79KB/s | 数据量: 7188.8KB | 总耗时: 0.27s | 证书: 有效
[2026-10-08 09:08:43] ✅ 通过阈值 HTTP测速: http://112.27.5.218:9901/tsfile/live/0111_1.m3u8?key=txiptv&playlive=1&authid=0
   速度: 428.71KB/s | 数据量: 0.4KB | 总耗时: 0.40s | 阈值: 300KB/s
[2026-10-08 09:08:43] ✅ 通过阈值 HTTP测速: http://120.76.248.139/live/bfgd/4200000113.m3u8
   速度: 859.38KB/s | 数据量: 0.9KB | 总耗时: 0.44s | 阈值: 300KB/s
[2026-10-08 09:08:44] ✅ 通过阈值 HTTP测速: http://218.13.170.98:9901/tsfile/live/0141_1.m3u8
   速度: 428.71KB/s | 数据量: 0.4KB | 总耗时: 1.40s | 阈值: 300KB/s
[2026-10-08 09:08:44] ✅ HTTPS测速成功: https://hls-qhmh.lanzhousobey.cn/qhmh/mhds.m3u8
   速度: 299.80KB/s | 数据量: 0.3KB | 总耗时: 0.81s | 证书: 有效
[2026-10-08 09:08:44] ✅ HTTPS测速成功: https://gcalic.v.myalicdn.com/gc/pts01_1/index.m3u8
   速度: 326.17KB/s | 数据量: 0.3KB | 总耗时: 0.69s | 证书: 有效
[2026-10-08 09:08:44] ✅ HTTPS测速成功: https://v4-e6b1c5baf4e240fe63adbf68dda23435.livehwc4.com/play.kankanlive.com/live/1698423397390920.m3u8?sub_m3u8=true&edge_slice=true&user_session_id=049a997e2b24377403b1551217e28c63
   速度: 322.27KB/s | 数据量: 0.3KB | 总耗时: 2.72s | 证书: 有效
[2026-10-08 09:08:44] ✅ HTTPS测速成功: https://liveout.xntv.tv/a65jur/96iln2.m3u8
   速度: 265.62KB/s | 数据量: 0.3KB | 总耗时: 0.94s | 证书: 有效
[2026-10-08 09:08:44] ✅ 通过阈值 HTTP测速: http://nn.7x9d.cn/深圳最新.php?id=szws4k
   速度: 1750.98KB/s | 数据量: 1.8KB | 总耗时: 1.70s | 阈值: 300KB/s
[2026-10-08 09:08:44] ✅ 通过阈值 HTTP测速: http://nn.7x9d.cn/地方台8563/海南.php?id=ssws
   速度: 398.44KB/s | 数据量: 0.4KB | 总耗时: 2.85s | 阈值: 300KB/s
[2026-10-08 09:08:44] ✅ HTTPS测速成功: https://gcalic.v.myalicdn.com/gc/ljgcwglytylxs_1/index.m3u8
   速度: 359.38KB/s | 数据量: 0.4KB | 总耗时: 0.68s | 证书: 有效
[2026-10-08 09:08:44] 🚫 未达阈值 HTTP测速: http://satellitepull.cnr.cn/live/wx32dycjgb/playlist.m3u8
   速度: 258.79KB/s | 数据量: 0.3KB | 总耗时: 1.66s | 阈值: 300KB/s
[2026-10-08 09:08:45] ✅ HTTPS测速成功: https://gcalic.v.myalicdn.com/gc/ljgcdsc_1/index.m3u8
   速度: 335.94KB/s | 数据量: 0.3KB | 总耗时: 0.60s | 证书: 有效
[2026-10-08 09:08:45] ✅ HTTPS测速成功: https://gcalic.v.myalicdn.com/gc/ljgcdyhxgjt_1/index.m3u8
   速度: 343.75KB/s | 数据量: 0.3KB | 总耗时: 0.60s | 证书: 有效
[2026-10-08 09:08:45] ✅ HTTPS测速成功: https://gcalic.v.myalicdn.com/gc/hkylxs01_1/index.m3u8
   速度: 329.10KB/s | 数据量: 0.3KB | 总耗时: 0.71s | 证书: 有效
[2026-10-08 09:08:45] ✅ HTTPS测速成功: https://gcalic.v.myalicdn.com/gc/hkylxs06_1/index.m3u8
   速度: 329.10KB/s | 数据量: 0.3KB | 总耗时: 0.73s | 证书: 有效
[2026-10-08 09:08:45] ✅ HTTPS测速成功: https://gcalic.v.myalicdn.com/gc/ylxs11_1/index.m3u8
   速度: 313.48KB/s | 数据量: 0.3KB | 总耗时: 0.73s | 证书: 有效
[2026-10-08 09:08:45] ✅ HTTPS测速成功: https://gcalic.v.myalicdn.com/gc/hkylxs05_1/index.m3u8
   速度: 329.10KB/s | 数据量: 0.3KB | 总耗时: 0.95s | 证书: 有效
[2026-10-08 09:08:45] ✅ HTTPS测速成功: https://raw.githubusercontent.com/ChiSheng9/iptv/master/TV03.m3u8
   速度: 62.50KB/s | 数据量: 0.1KB | 总耗时: 0.14s | 证书: 有效
[2026-10-08 09:08:45] ✅ HTTPS测速成功: https://satellitepull.cnr.cn/live/wxcqxwgb/playlist.m3u8
   速度: 315.43KB/s | 数据量: 0.3KB | 总耗时: 1.40s | 证书: 有效
[2026-10-08 09:08:46] ✅ HTTPS测速成功: https://gcalic.v.myalicdn.com/gc/dlst01_1/index.m3u8
   速度: 325.20KB/s | 数据量: 0.3KB | 总耗时: 0.86s | 证书: 有效
[2026-10-08 09:08:46] ✅ HTTPS测速成功: https://gcalic.v.myalicdn.com/gc/dlst03_1/index.m3u8
   速度: 319.34KB/s | 数据量: 0.3KB | 总耗时: 0.89s | 证书: 有效
[2026-10-08 09:08:46] ✅ HTTPS测速成功: https://gcalic.v.myalicdn.com/gc/hkylxs03_1/index.m3u8
   速度: 334.96KB/s | 数据量: 0.3KB | 总耗时: 0.62s | 证书: 有效
[2026-10-08 09:08:46] ✅ HTTPS测速成功: https://gcalic.v.myalicdn.com/gc/ylxs12_1/index.m3u8
   速度: 319.34KB/s | 数据量: 0.3KB | 总耗时: 1.01s | 证书: 有效
[2026-10-08 09:08:46] ✅ HTTPS测速成功: https://gcalic.v.myalicdn.com/gc/ljgcszsnkgc_1/index.m3u8
   速度: 343.75KB/s | 数据量: 0.3KB | 总耗时: 0.65s | 证书: 有效
[2026-10-08 09:08:46] ✅ HTTPS测速成功: https://gcalic.v.myalicdn.com/gc/ylh04_1/index.m3u8
   速度: 320.31KB/s | 数据量: 0.3KB | 总耗时: 0.71s | 证书: 有效
[2026-10-08 09:08:46] ✅ HTTPS测速成功: https://satellitepull.cnr.cn/live/wxbjxwgb/playlist.m3u8
   速度: 315.43KB/s | 数据量: 0.3KB | 总耗时: 0.70s | 证书: 有效
[2026-10-08 09:08:47] 🚫 未达阈值 HTTP测速: http://stream3.jlntv.cn:80/aac_slgb/playlist.m3u8
   速度: 90.82KB/s | 数据量: 0.1KB | 总耗时: 0.79s | 阈值: 300KB/s
[2026-10-08 09:08:47] ✅ 通过阈值 HTTP测速: http://stream10.jlntv.cn/jiutaitv/sd/live.m3u8?zjild
   速度: 375.00KB/s | 数据量: 0.4KB | 总耗时: 1.00s | 阈值: 300KB/s
[2026-10-08 09:08:47] 🚫 未达阈值 HTTP测速: http://stream5.jlntv.cn/wq/playlist.m3u8
   速度: 91.80KB/s | 数据量: 0.1KB | 总耗时: 0.70s | 阈值: 300KB/s
[2026-10-08 09:08:47] ✅ 通过阈值 HTTP测速: http://stream5.jlntv.cn/df/sd/live.m3u8?zjild
   速度: 463.87KB/s | 数据量: 0.5KB | 总耗时: 1.54s | 阈值: 300KB/s
[2026-10-08 09:08:47] ✅ HTTPS测速成功: https://zb-live.ynurl.com/yimen/3b75a2f9-7941-46b7-992d-a9796fbca5fe.m3u8
   速度: 379.88KB/s | 数据量: 0.4KB | 总耗时: 0.84s | 证书: 有效
[2026-10-08 09:08:47] 🚫 未达阈值 HTTP测速: http://stream8.jlntv.cn/dhtv/playlist.m3u8?zjild
   速度: 91.80KB/s | 数据量: 0.1KB | 总耗时: 0.76s | 阈值: 300KB/s
[2026-10-08 09:08:47] ✅ 通过阈值 HTTP测速: http://stream5.jlntv.cn/sl/sd/live.m3u8?zjild
   速度: 478.52KB/s | 数据量: 0.5KB | 总耗时: 1.49s | 阈值: 300KB/s
[2026-10-08 09:08:47] ✅ HTTPS测速成功: https://v3.mediacast.hk/webcast/bshdlive-pc/chunklist_w99771165.m3u8
   速度: 204.10KB/s | 数据量: 0.2KB | 总耗时: 1.07s | 证书: 有效
[2026-10-08 09:08:47] ✅ 通过阈值 HTTP测速: http://stream10.jlntv.cn/huadian/sd/live.m3u8?zjild
   速度: 370.12KB/s | 数据量: 0.4KB | 总耗时: 0.58s | 阈值: 300KB/s
[2026-10-08 09:08:47] ✅ 通过阈值 HTTP测速: http://stream11.jlntv.cn/dehuitv/sd/live.m3u8
   速度: 370.12KB/s | 数据量: 0.4KB | 总耗时: 1.26s | 阈值: 300KB/s
[2026-10-08 09:08:47] ✅ 通过阈值 HTTP测速: http://stream3.jlntv.cn:80/aac_lhgb/sd/live.m3u8
   速度: 497.07KB/s | 数据量: 0.5KB | 总耗时: 0.74s | 阈值: 300KB/s
[2026-10-08 09:08:47] 🚫 未达阈值 HTTP测速: http://stream3.jlntv.cn:80/aac_mhkgb/playlist.m3u8
   速度: 90.82KB/s | 数据量: 0.1KB | 总耗时: 0.58s | 阈值: 300KB/s
[2026-10-08 09:08:48] ✅ 通过阈值 HTTP测速: http://stream5.jlntv.cn/wq/sd/live.m3u8?zjild
   速度: 478.52KB/s | 数据量: 0.5KB | 总耗时: 0.74s | 阈值: 300KB/s
[2026-10-08 09:08:48] 🚫 未达阈值 HTTP测速: http://stream9.jlntv.cn:80/aac_huadiangb/playlist.m3u8
   速度: 89.84KB/s | 数据量: 0.1KB | 总耗时: 0.85s | 阈值: 300KB/s
[2026-10-08 09:08:48] 🚫 未达阈值 HTTP测速: http://stream8.jlntv.cn/baishan2/playlist.m3u8?zjild
   速度: 90.82KB/s | 数据量: 0.1KB | 总耗时: 0.61s | 阈值: 300KB/s
[2026-10-08 09:08:48] ✅ 通过阈值 HTTP测速: http://stream8.jlntv.cn/hctv/sd/live.m3u8?zjild
   速度: 472.66KB/s | 数据量: 0.5KB | 总耗时: 0.71s | 阈值: 300KB/s
[2026-10-08 09:08:48] ✅ 通过阈值 HTTP测速: http://stream3.jlntv.cn:80/aac_psgb/sd/live.m3u8
   速度: 497.07KB/s | 数据量: 0.5KB | 总耗时: 0.59s | 阈值: 300KB/s
[2026-10-08 09:08:48] ✅ 通过阈值 HTTP测速: http://stream8.jlntv.cn/shulan/sd/live.m3u8?zjild
   速度: 482.42KB/s | 数据量: 0.5KB | 总耗时: 0.83s | 阈值: 300KB/s
[2026-10-08 09:08:48] ✅ 通过阈值 HTTP测速: http://stream5.jlntv.cn/thx/sd/live.m3u8?zjild
   速度: 483.40KB/s | 数据量: 0.5KB | 总耗时: 0.55s | 阈值: 300KB/s
[2026-10-08 09:08:48] 🚫 未达阈值 HTTP测速: http://stream3.jlntv.cn:80/aac_dfgb/playlist.m3u8
   速度: 90.82KB/s | 数据量: 0.1KB | 总耗时: 2.67s | 阈值: 300KB/s
[2026-10-08 09:08:48] ✅ 通过阈值 HTTP测速: http://stream8.jlntv.cn/cbstv/sd/live.m3u8?zjild
   速度: 492.19KB/s | 数据量: 0.5KB | 总耗时: 0.51s | 阈值: 300KB/s
[2026-10-08 09:08:48] ✅ 通过阈值 HTTP测速: http://stream8.jlntv.cn/jytv/sd/live.m3u8?zjild
   速度: 472.66KB/s | 数据量: 0.5KB | 总耗时: 0.51s | 阈值: 300KB/s
[2026-10-08 09:08:49] 🚫 未达阈值 HTTP测速: http://stream3.jlntv.cn:80/aac_thxgb/playlist.m3u8
   速度: 89.84KB/s | 数据量: 0.1KB | 总耗时: 0.82s | 阈值: 300KB/s
[2026-10-08 09:08:49] 🚫 未达阈值 HTTP测速: http://175.155.106.72:89/live1/live1.m3u8?zsicd
   速度: 260.74KB/s | 数据量: 0.3KB | 总耗时: 0.46s | 阈值: 300KB/s
[2026-10-08 09:08:49] ✅ 通过阈值 HTTP测速: http://stream5.jlntv.cn/hn/sd/live.m3u8?zjild
   速度: 463.87KB/s | 数据量: 0.5KB | 总耗时: 1.42s | 阈值: 300KB/s
[2026-10-08 09:08:49] 🚫 未达阈值 HTTP测速: http://stream9.jlntv.cn:80/aac_longjinggb/playlist.m3u8
   速度: 90.82KB/s | 数据量: 0.1KB | 总耗时: 0.64s | 阈值: 300KB/s
[2026-10-08 09:08:49] ✅ 通过阈值 HTTP测速: http://stream8.jlntv.cn/ljtv/sd/live.m3u8?zjild
   速度: 472.66KB/s | 数据量: 0.5KB | 总耗时: 0.72s | 阈值: 300KB/s
[2026-10-08 09:08:49] ✅ 通过阈值 HTTP测速: http://stream5.jlntv.cn/lh/sd/live.m3u8?zjild
   速度: 463.87KB/s | 数据量: 0.5KB | 总耗时: 2.57s | 阈值: 300KB/s
[2026-10-08 09:08:49] 🚫 未达阈值 HTTP测速: http://hplayer1.juyun.tv:80/camera/11344136.m3u8
   速度: 238.28KB/s | 数据量: 0.2KB | 总耗时: 1.36s | 阈值: 300KB/s
[2026-10-08 09:08:49] ✅ 通过阈值 HTTP测速: http://stream5.jlntv.cn/ps/sd/live.m3u8?zjild
   速度: 463.87KB/s | 数据量: 0.5KB | 总耗时: 1.96s | 阈值: 300KB/s
[2026-10-08 09:08:49] ✅ HTTPS测速成功: https://gcalic.v.myalicdn.com/gc/lsdfgfl_1/index.m3u8
   速度: 324.22KB/s | 数据量: 0.3KB | 总耗时: 0.59s | 证书: 有效
[2026-10-08 09:08:50] 🚫 未达阈值 HTTP测速: http://stream9.jlntv.cn:80/aac_jygb/playlist.m3u8
   速度: 89.84KB/s | 数据量: 0.1KB | 总耗时: 1.32s | 阈值: 300KB/s
[2026-10-08 09:08:50] 🚫 未达阈值 HTTP测速: http://pili-live-hls.ybcxjd.com/jdh-live/2108111201035597.m3u8?zsicd
   速度: 259.77KB/s | 数据量: 0.3KB | 总耗时: 0.77s | 阈值: 300KB/s
[2026-10-08 09:08:50] ✅ HTTPS测速成功: https://satellitepull.cnr.cn/live/wxjlxcgb/playlist.m3u8
   速度: 315.43KB/s | 数据量: 0.3KB | 总耗时: 0.65s | 证书: 有效
[2026-10-08 09:08:50] 🚫 未达阈值 HTTP测速: http://182.150.115.21:8030/pcgacg/pcgacg_0.m3u8
   速度: 0.00KB/s | 数据量: 0.0KB | 总耗时: 0.45s | 阈值: 300KB/s
[2026-10-08 09:08:50] ✅ HTTPS测速成功: https://gcalic.v.myalicdn.com/gc/sgns02_1/index.m3u8
   速度: 325.20KB/s | 数据量: 0.3KB | 总耗时: 0.81s | 证书: 有效
[2026-10-08 09:08:50] ✅ HTTPS测速成功: https://gcalic.v.myalicdn.com/gc/emsarm_1/index.m3u8
   速度: 319.34KB/s | 数据量: 0.3KB | 总耗时: 0.70s | 证书: 有效
[2026-10-08 09:08:51] 🚫 未达阈值 HTTP测速: http://tvfile.jyrmt.cn/nmip-media/channellive/channel104452/playlist.m3u8
   速度: 265.62KB/s | 数据量: 0.3KB | 总耗时: 2.00s | 阈值: 300KB/s
[2026-10-08 09:08:51] 🚫 未达阈值 HTTP测速: http://live.spccmc.com:90/live/spxwzh.m3u8
   速度: 1.02KB/s | 数据量: 0.2KB | 总耗时: 0.81s | 阈值: 300KB/s
[2026-10-08 09:08:51] ✅ HTTPS测速成功: https://gcalic.v.myalicdn.com/gc/emspxps_1/index.m3u8
   速度: 324.22KB/s | 数据量: 0.3KB | 总耗时: 0.80s | 证书: 有效
[2026-10-08 09:08:51] ✅ HTTPS测速成功: https://gcalic.v.myalicdn.com/gc/emswfs_1/index.m3u8
   速度: 331.05KB/s | 数据量: 0.3KB | 总耗时: 0.80s | 证书: 有效
[2026-10-08 09:08:51] ✅ HTTPS测速成功: https://gcalic.v.myalicdn.com/gc/emsyh_1/index.m3u8
   速度: 314.45KB/s | 数据量: 0.3KB | 总耗时: 0.81s | 证书: 有效
[2026-10-08 09:08:51] 🚫 未达阈值 HTTP测速: http://live.iwcmt.cn:90/live/zhxw.m3u8
   速度: 1.20KB/s | 数据量: 0.2KB | 总耗时: 0.85s | 阈值: 300KB/s
[2026-10-08 09:08:51] 🚫 未达阈值 HTTP测速: http://live1.gatv.com.cn:85/live/GGPD_ggpdzm.m3u8?zsicd
   速度: 0.47KB/s | 数据量: 0.3KB | 总耗时: 1.32s | 阈值: 300KB/s
[2026-10-08 09:08:51] 🚫 未达阈值 HTTP测速: http://file.ysxtv.cn/cms/videos/nmip-media/channellive/channel4/playlist.m3u8?zsicd
   速度: 265.62KB/s | 数据量: 0.3KB | 总耗时: 0.92s | 阈值: 300KB/s
[2026-10-08 09:08:51] 🚫 未达阈值 HTTP测速: http://qcfile.qcrmt.com/nmip-media/channellive/channel100933/playlist.m3u8
   速度: 265.62KB/s | 数据量: 0.3KB | 总耗时: 0.50s | 阈值: 300KB/s
[2026-10-08 09:08:51] 🚫 未达阈值 HTTP测速: http://live.jinchuanrmt.com:90/live/jcxc.m3u8?zsicd
   速度: 1.07KB/s | 数据量: 0.2KB | 总耗时: 0.86s | 阈值: 300KB/s
[2026-10-08 09:08:52] ✅ HTTPS测速成功: https://gcalic.v.myalicdn.com/gc/djyqyl1_1/index.m3u8
   速度: 324.22KB/s | 数据量: 0.3KB | 总耗时: 0.57s | 证书: 有效
[2026-10-08 09:08:52] ✅ HTTPS测速成功: https://m3u8channel-bx.yunxya.com/nmip-media/channellive/channel104666/playlist.m3u8
   速度: 271.48KB/s | 数据量: 0.3KB | 总耗时: 1.16s | 证书: 有效
[2026-10-08 09:08:52] ✅ 通过阈值 HTTP测速: http://stream.jinjiang.tv/1/sd/live.m3u8?zfud
   速度: 315.43KB/s | 数据量: 0.3KB | 总耗时: 0.63s | 阈值: 300KB/s
[2026-10-08 09:08:52] ✅ 通过阈值 HTTP测速: http://live.shaoxing.com.cn/video/s10001-sxtv2/index.m3u8?%E5%85%B3%E6%B3%A8%E5%BE%AE%E4%BF%A1%E5%85%AC%E4%BC%97%E5%8F%B7[%E6%99%B4%E5%9B%AD]
   速度: 681.64KB/s | 数据量: 0.7KB | 总耗时: 0.65s | 阈值: 300KB/s
[2026-10-08 09:08:52] ✅ 通过阈值 HTTP测速: http://www.dalitv.com.tw:4568/live/dali/index.m3u8
   速度: 808.59KB/s | 数据量: 0.8KB | 总耗时: 0.93s | 阈值: 300KB/s
[2026-10-08 09:08:52] 🚫 未达阈值 HTTP测速: http://live.jinchuanrmt.com:90/live/zhxw.m3u8?zsicd
   速度: 1.03KB/s | 数据量: 0.2KB | 总耗时: 1.52s | 阈值: 300KB/s
[2026-10-08 09:08:52] 🚫 未达阈值 HTTP测速: http://dspdhls.appcoo.com:8888/live/dspd/index.m3u8
   速度: 155.27KB/s | 数据量: 0.2KB | 总耗时: 0.37s | 阈值: 300KB/s
[2026-10-08 09:08:53] 🚫 未达阈值 HTTP测速: http://zbbf2.ahbztv.com/live/418.m3u8
   速度: 240.23KB/s | 数据量: 0.2KB | 总耗时: 1.09s | 阈值: 300KB/s
[2026-10-08 09:08:53] ✅ HTTPS测速成功: https://gcalic.v.myalicdn.com/gc/jhs05_1/index.m3u8
   速度: 314.45KB/s | 数据量: 0.3KB | 总耗时: 0.66s | 证书: 有效
[2026-10-08 09:08:53] 🚫 未达阈值 HTTP测速: http://www.guzhenm.com:7001/hls/hd-live.m3u8
   速度: 181.64KB/s | 数据量: 0.2KB | 总耗时: 1.39s | 阈值: 300KB/s
[2026-10-08 09:08:53] ✅ HTTPS测速成功: https://gcalic.v.myalicdn.com/gc/yxxdpf_1/index.m3u8
   速度: 319.34KB/s | 数据量: 0.3KB | 总耗时: 0.57s | 证书: 有效
[2026-10-08 09:08:53] ✅ HTTPS测速成功: https://gcalic.v.myalicdn.com/gc/yxlcyt_1/index.m3u8
   速度: 319.34KB/s | 数据量: 0.3KB | 总耗时: 0.59s | 证书: 有效
[2026-10-08 09:08:53] ✅ HTTPS测速成功: https://rt-glb.rttv.com/dvr/rtnews/playlist_4500Kb.m3u8
   速度: 22795.05KB/s | 数据量: 464.1KB | 总耗时: 0.56s | 证书: 有效
[2026-10-08 09:08:54] ✅ HTTPS测速成功: https://play.yunxya.com/channellive/xinwen.m3u8
   速度: 363.28KB/s | 数据量: 0.4KB | 总耗时: 1.03s | 证书: 有效
[2026-10-08 09:08:54] ✅ HTTPS测速成功: https://hlscdn.liangtv.cn/live/0234c48e0bc24fe1b41b9999a253e581/1075ee38e04f490690f6a36a16e09c79.m3u8
   速度: 179.69KB/s | 数据量: 0.2KB | 总耗时: 0.42s | 证书: 有效
[2026-10-08 09:08:54] 🚫 未达阈值 HTTP测速: http://ali-m-l.cztv.com/channels/lantian/channel03/1080p.m3u8
   速度: 290.04KB/s | 数据量: 0.3KB | 总耗时: 0.53s | 阈值: 300KB/s
[2026-10-08 09:08:54] ✅ HTTPS测速成功: https://gcalic.v.myalicdn.com/gc/drs01_1/index.m3u8
   速度: 326.17KB/s | 数据量: 0.3KB | 总耗时: 0.57s | 证书: 有效
[2026-10-08 09:08:54] ✅ HTTPS测速成功: https://gcalic.v.myalicdn.com/gc/taishan03_1/index.m3u8
   速度: 333.98KB/s | 数据量: 0.3KB | 总耗时: 0.58s | 证书: 有效
[2026-10-08 09:08:55] ✅ HTTPS测速成功: https://ali-m-l.cztv.com/channels/lantian/channel010/1080p.m3u8?
   速度: 291.99KB/s | 数据量: 0.3KB | 总耗时: 0.82s | 证书: 有效
[2026-10-08 09:08:55] ✅ HTTPS测速成功: https://gcalic.v.myalicdn.com/gc/ahhs01_1/index.m3u8
   速度: 319.34KB/s | 数据量: 0.3KB | 总耗时: 0.57s | 证书: 有效
[2026-10-08 09:08:55] 🚫 未达阈值 HTTP测速: http://play.jinnantv.top/live/JNTV1.m3u8?ztianjd
   速度: 250.00KB/s | 数据量: 0.2KB | 总耗时: 3.96s | 阈值: 300KB/s
[2026-10-08 09:08:55] 🚫 未达阈值 HTTP测速: http://zbbf2.ahbztv.com/live/416.m3u8?zanhd
   速度: 246.09KB/s | 数据量: 0.2KB | 总耗时: 1.09s | 阈值: 300KB/s
[2026-10-08 09:08:55] ✅ HTTPS测速成功: https://gcalic.v.myalicdn.com/gc/hsyg_1/index.m3u8
   速度: 309.57KB/s | 数据量: 0.3KB | 总耗时: 0.59s | 证书: 有效
[2026-10-08 09:08:55] ✅ 通过阈值 HTTP测速: http://www.goodiptv.club/douyu/4246519
   速度: 631.85KB/s | 数据量: 194.1KB | 总耗时: 1.66s | 阈值: 300KB/s
[2026-10-08 09:08:56] ✅ 通过阈值 HTTP测速: http://hslive.hsnewsnet.com/lsdream/iY92ady/1000/live.m3u8?zanhd
   速度: 358.40KB/s | 数据量: 0.4KB | 总耗时: 1.49s | 阈值: 300KB/s
[2026-10-08 09:08:56] ✅ HTTPS测速成功: https://gcalic.v.myalicdn.com/gc/hspyt_1/index.m3u8
   速度: 314.45KB/s | 数据量: 0.3KB | 总耗时: 0.58s | 证书: 有效
[2026-10-08 09:08:56] ✅ 通过阈值 HTTP测速: http://hslive.hsnewsnet.com/lsdream/hve9Wjs/1000/live.m3u8
   速度: 356.45KB/s | 数据量: 0.4KB | 总耗时: 0.77s | 阈值: 300KB/s
[2026-10-08 09:08:56] ✅ HTTPS测速成功: https://gcalic.v.myalicdn.com/gc/hsptgy_1/index.m3u8
   速度: 319.34KB/s | 数据量: 0.3KB | 总耗时: 0.62s | 证书: 有效
[2026-10-08 09:08:56] ✅ HTTPS测速成功: https://zb-live.ynurl.com/tonghai/3bfe3a9e-48e6-4c1e-8770-1df66447cc6c.m3u8
   速度: 381.84KB/s | 数据量: 0.4KB | 总耗时: 3.01s | 证书: 有效
[2026-10-08 09:08:56] ✅ HTTPS测速成功: https://gcalic.v.myalicdn.com/gc/taishan01_1/index.m3u8
   速度: 345.70KB/s | 数据量: 0.3KB | 总耗时: 0.60s | 证书: 有效
[2026-10-08 09:08:56] ✅ HTTPS测速成功: https://gcalic.v.myalicdn.com/gc/taishan05_1/index.m3u8
   速度: 333.98KB/s | 数据量: 0.3KB | 总耗时: 0.59s | 证书: 有效
[2026-10-08 09:08:56] ✅ HTTPS测速成功: https://gcalic.v.myalicdn.com/gc/taishan02_1/index.m3u8
   速度: 333.98KB/s | 数据量: 0.3KB | 总耗时: 0.58s | 证书: 有效
[2026-10-08 09:08:56] ✅ HTTPS测速成功: https://gcalic.v.myalicdn.com/gc/taishan06_1/index.m3u8
   速度: 333.98KB/s | 数据量: 0.3KB | 总耗时: 0.57s | 证书: 有效
[2026-10-08 09:08:56] ✅ HTTPS测速成功: https://gcalic.v.myalicdn.com/gc/hkts03_1/index.m3u8
   速度: 325.20KB/s | 数据量: 0.3KB | 总耗时: 0.58s | 证书: 有效
[2026-10-08 09:08:56] ✅ HTTPS测速成功: https://gcalic.v.myalicdn.com/gc/djd01_1/index.m3u8
   速度: 320.31KB/s | 数据量: 0.3KB | 总耗时: 0.58s | 证书: 有效
[2026-10-08 09:08:56] 🚫 未达阈值 HTTP测速: http://60.222.246.220:19433/hls1.m3u8
   速度: 0.90KB/s | 数据量: 0.2KB | 总耗时: 0.66s | 阈值: 300KB/s
[2026-10-08 09:08:57] ✅ HTTPS测速成功: https://gcalic.v.myalicdn.com/gc/qdls02_1/index.m3u8
   速度: 319.34KB/s | 数据量: 0.3KB | 总耗时: 0.57s | 证书: 有效
[2026-10-08 09:08:57] ✅ HTTPS测速成功: https://gcalic.v.myalicdn.com/gc/qdls03_1/index.m3u8
   速度: 319.34KB/s | 数据量: 0.3KB | 总耗时: 0.64s | 证书: 有效
[2026-10-08 09:08:58] ✅ HTTPS测速成功: https://tntgjhjb.live.sxmty.com/live/hls/3a4585ac11ec4e1bb07b419101b370c3/baf63e2b313440c2a25d7859f9b73b05-1.m3u8?zshanxd
   速度: 437.50KB/s | 数据量: 0.4KB | 总耗时: 0.91s | 证书: 有效
[2026-10-08 09:08:58] ✅ HTTPS测速成功: https://qmmqvzoz.live.sxmty.com/live/hls/f24f8a390c084386a564074c9260100c/be3fdf07606145739ab2c4b80fe0136a.m3u8?zshanxd
   速度: 179.69KB/s | 数据量: 0.2KB | 总耗时: 0.84s | 证书: 有效
[2026-10-08 09:08:58] ✅ HTTPS测速成功: https://m3u8channel-yj.yunxya.com/nmip-media/channellive/channel101140/playlist.m3u8
   速度: 271.48KB/s | 数据量: 0.3KB | 总耗时: 1.90s | 证书: 有效
[2026-10-08 09:08:58] ✅ HTTPS测速成功: https://p2.vzan.com/slowlive/596867413819827251/live.m3u8?zbid=1725814272&tpid=1516989100&type=0
   速度: 676.76KB/s | 数据量: 0.7KB | 总耗时: 1.51s | 证书: 有效
[2026-10-08 09:08:59] ✅ HTTPS测速成功: https://gcalic.v.myalicdn.com/gc/hkts02_1/index.m3u8
   速度: 331.05KB/s | 数据量: 0.3KB | 总耗时: 0.87s | 证书: 有效
[2026-10-08 09:08:59] ✅ HTTPS测速成功: https://cdn8.163189.xyz/live/lhdy/stream.m3u8
   速度: 4159.18KB/s | 数据量: 4.2KB | 总耗时: 0.20s | 证书: 有效
[2026-10-08 09:08:59] ✅ HTTPS测速成功: https://cdn8.163189.xyz/live/lhyp/stream.m3u8
   速度: 4159.18KB/s | 数据量: 4.2KB | 总耗时: 0.22s | 证书: 有效
[2026-10-08 09:08:59] 🚫 未达阈值 HTTP测速: http://live.daningtv.com/aac_dngb/playlist.m3u8
   速度: 67.38KB/s | 数据量: 0.1KB | 总耗时: 3.00s | 阈值: 300KB/s
[2026-10-08 09:08:59] ✅ HTTPS测速成功: https://cdn8.163189.xyz/live/lhxj/stream.m3u8
   速度: 3429.69KB/s | 数据量: 3.4KB | 总耗时: 0.73s | 证书: 有效
[2026-10-08 09:08:59] ✅ HTTPS测速成功: https://cdn8.163189.xyz/live/lhox/stream.m3u8
   速度: 3429.69KB/s | 数据量: 3.4KB | 总耗时: 0.74s | 证书: 有效
[2026-10-08 09:08:59] ✅ HTTPS测速成功: https://cdn8.163189.xyz/live/lhjd/stream.m3u8
   速度: 1889.80KB/s | 数据量: 3.4KB | 总耗时: 0.41s | 证书: 有效
[2026-10-08 09:08:59] ✅ HTTPS测速成功: https://cdn8.163189.xyz/live/lhrh/stream.m3u8
   速度: 3429.69KB/s | 数据量: 3.4KB | 总耗时: 0.74s | 证书: 有效
[2026-10-08 09:09:00] ✅ 通过阈值 HTTP测速: http://jsmov2.a.yximgs.com/bs3/video-hls/5203346449046555193_hlsb.m3u8
   速度: 345.53KB/s | 数据量: 71.3KB | 总耗时: 1.13s | 阈值: 300KB/s
[2026-10-08 09:09:00] ✅ HTTPS测速成功: https://live.gdtv.ah.cn/live/newsTV.m3u8
   速度: 333.98KB/s | 数据量: 0.3KB | 总耗时: 1.22s | 证书: 有效
[2026-10-08 09:09:00] ✅ 通过阈值 HTTP测速: http://play-sh13.quklive.com/live/1702360350551252.m3u8?auth_key=2037107484-800189c57a5a44d3b823b60cf84f6756-0-a6f6828a62d5c167cff5e68735fa0d39
   速度: 1008.79KB/s | 数据量: 1.0KB | 总耗时: 0.82s | 阈值: 300KB/s
[2026-10-08 09:09:00] 🚫 未达阈值 HTTP测速: http://615bbf179ba53515dccad7b1da5d1ad9.livehwc3.cn/hls.nntv.cn/nnlive/WLSH_24.m3u8?sub_m3u8=true&edge_slice=true&user_session_id=2598844eaee8a4265e706fc14b3fc11d
   速度: 268.55KB/s | 数据量: 0.3KB | 总耗时: 1.05s | 阈值: 300KB/s
[2026-10-08 09:09:01] 🚫 未达阈值 HTTP测速: http://zb.gxlbamc.com:1935/live/lbzh.stream/playlist.m3u8
   速度: 0.64KB/s | 数据量: 0.1KB | 总耗时: 1.10s | 阈值: 300KB/s
[2026-10-08 09:09:01] 🚫 未达阈值 HTTP测速: http://110.153.180.106:55555/out_4/index.m3u8
   速度: 79.10KB/s | 数据量: 0.1KB | 总耗时: 0.51s | 阈值: 300KB/s
[2026-10-08 09:09:01] 🚫 未达阈值 HTTP测速: http://110.153.180.106:55555/out_2/index.m3u8?zxinjd
   速度: 79.10KB/s | 数据量: 0.1KB | 总耗时: 0.53s | 阈值: 300KB/s
[2026-10-08 09:09:01] ✅ HTTPS测速成功: https://gcalic.v.myalicdn.com/gc/gllj01_1/index.m3u8
   速度: 319.34KB/s | 数据量: 0.3KB | 总耗时: 0.92s | 证书: 有效
[2026-10-08 09:09:01] ✅ HTTPS测速成功: https://stream.sun0769.com/dgrtv1/mp4tv1_800/index.m3u8
   速度: 369.14KB/s | 数据量: 0.4KB | 总耗时: 1.30s | 证书: 有效
[2026-10-08 09:09:01] ✅ 通过阈值 HTTP测速: http://218.84.12.186:8002/hls/main/playlist.m3u8?zxinjd
   速度: 326.17KB/s | 数据量: 0.3KB | 总耗时: 0.55s | 阈值: 300KB/s
[2026-10-08 09:09:01] 🚫 未达阈值 HTTP测速: http://110.153.180.106:55555/out_3/index.m3u8
   速度: 79.10KB/s | 数据量: 0.1KB | 总耗时: 1.30s | 阈值: 300KB/s
[2026-10-08 09:09:01] 🚫 未达阈值 HTTP测速: http://218.84.127.245:1026/hls/main1/playlist.m3u8?zxinjd
   速度: 233.40KB/s | 数据量: 0.2KB | 总耗时: 0.50s | 阈值: 300KB/s
[2026-10-08 09:09:01] ✅ HTTPS测速成功: https://stream.sun0769.com/dgrtv1/mp4tv2_800/index.m3u8
   速度: 369.14KB/s | 数据量: 0.4KB | 总耗时: 1.72s | 证书: 有效
[2026-10-08 09:09:02] 🚫 未达阈值 HTTP测速: http://liveout.btzx.com.cn/62ds9e/4nxdih.m3u8?fbl=
   速度: 265.62KB/s | 数据量: 0.3KB | 总耗时: 1.13s | 阈值: 300KB/s
[2026-10-08 09:09:02] ✅ HTTPS测速成功: https://gcalic.v.myalicdn.com/gc/xwh01_1/index.m3u8
   速度: 314.45KB/s | 数据量: 0.3KB | 总耗时: 0.65s | 证书: 有效
[2026-10-08 09:09:02] 🚫 未达阈值 HTTP测速: http://file.loulannews.cn/nmip-media/channellive/channel103824/playlist.m3u8
   速度: 271.48KB/s | 数据量: 0.3KB | 总耗时: 1.54s | 阈值: 300KB/s
[2026-10-08 09:09:02] ✅ 通过阈值 HTTP测速: http://live.xysrmt.cn/xwzh/sd/live.m3u8?zjiangsd"
   速度: 370.12KB/s | 数据量: 0.4KB | 总耗时: 0.87s | 阈值: 300KB/s
[2026-10-08 09:09:02] ✅ 通过阈值 HTTP测速: http://live.xysrmt.cn/shpd/sd/live.m3u8?zjiangsd
   速度: 370.12KB/s | 数据量: 0.4KB | 总耗时: 0.66s | 阈值: 300KB/s
[2026-10-08 09:09:03] ✅ HTTPS测速成功: https://liveout.btzx.com.cn/62ds9e/6o77s4.m3u8?zxinjd
   速度: 265.62KB/s | 数据量: 0.3KB | 总耗时: 1.40s | 证书: 有效
[2026-10-08 09:09:03] 🚫 未达阈值 HTTP测速: http://hls.nntv.cn/nnlive/YSYL_244.m3u8
   速度: 232.42KB/s | 数据量: 0.2KB | 总耗时: 4.06s | 阈值: 300KB/s
[2026-10-08 09:09:03] ✅ HTTPS测速成功: https://www.wxhcgbds.com:8081/channelTv/WXTV_1.m3u8?zshanxd
   速度: 2119.14KB/s | 数据量: 2.1KB | 总耗时: 1.37s | 证书: 无效
[2026-10-08 09:09:03] 🚫 未达阈值 HTTP测速: http://jrlive.jrntv.com/live/_definst_/yingshis/chunklist_w1994429382.m3u8?zjiangsd
   速度: 15.87KB/s | 数据量: 0.3KB | 总耗时: 1.87s | 阈值: 300KB/s
[2026-10-08 09:09:03] 🚫 未达阈值 HTTP测速: http://jrlive.jrntv.com/live/_definst_/dangjians/playlist.m3u8?%E5%85%B3%E6%B3%A8%E5%BE%AE%E4%BF%A1%E5%85%AC%E4%BC%97%E5%8F%B7[%E6%99%B4%E5%9B%AD]
   速度: 11.67KB/s | 数据量: 0.2KB | 总耗时: 1.88s | 阈值: 300KB/s
[2026-10-08 09:09:03] ✅ HTTPS测速成功: https://gcalic.v.myalicdn.com/gc/nss01_1/index.m3u8
   速度: 320.31KB/s | 数据量: 0.3KB | 总耗时: 0.58s | 证书: 有效
[2026-10-08 09:09:04] ✅ HTTPS测速成功: https://live-auth.51kandianshi.com/szgd/csztv2.m3u8
   速度: 286.13KB/s | 数据量: 0.3KB | 总耗时: 0.24s | 证书: 有效
[2026-10-08 09:09:04] ✅ 通过阈值 HTTP测速: http://ali-xwl.cztv.com/live/channel021080Plxw.m3u8
   速度: 344.73KB/s | 数据量: 0.3KB | 总耗时: 1.34s | 阈值: 300KB/s
[2026-10-08 09:09:04] 🚫 未达阈值 HTTP测速: http://jrlive.jrntv.com/live/_definst_/shenghuos/playlist.m3u8?%E5%85%B3%E6%B3%A8%E5%BE%AE%E4%BF%A1%E5%85%AC%E4%BC%97%E5%8F%B7[%E6%99%B4%E5%9B%AD]
   速度: 9.93KB/s | 数据量: 0.2KB | 总耗时: 2.54s | 阈值: 300KB/s
[2026-10-08 09:09:04] ✅ HTTPS测速成功: https://live-auth.51kandianshi.com/szgd/csztv5.m3u8
   速度: 286.13KB/s | 数据量: 0.3KB | 总耗时: 0.56s | 证书: 有效
[2026-10-08 09:09:04] ✅ HTTPS测速成功: https://live-auth.51kandianshi.com/szgd/csztv1.m3u8
   速度: 286.13KB/s | 数据量: 0.3KB | 总耗时: 0.60s | 证书: 有效
[2026-10-08 09:09:04] 🚫 未达阈值 HTTP测速: http://live.wjyanghu.com/live/CH2.m3u8
   速度: 267.58KB/s | 数据量: 0.3KB | 总耗时: 1.83s | 阈值: 300KB/s
[2026-10-08 09:09:04] ✅ HTTPS测速成功: https://live-auth.51kandianshi.com/szgd/csztv4k_hd.m3u8
   速度: 297.85KB/s | 数据量: 0.3KB | 总耗时: 0.66s | 证书: 有效
[2026-10-08 09:09:04] ✅ 通过阈值 HTTP测速: http://120.76.248.139/live/bfgd/4200000610.m3u8
   速度: 858.40KB/s | 数据量: 0.9KB | 总耗时: 0.56s | 阈值: 300KB/s
[2026-10-08 09:09:04] ✅ HTTPS测速成功: https://live.wjyanghu.com/live/CH1.m3u8
   速度: 264.65KB/s | 数据量: 0.3KB | 总耗时: 0.98s | 证书: 有效
[2026-10-08 09:09:04] ✅ HTTPS测速成功: https://live-auth.51kandianshi.com/szgd/csztv3.m3u8
   速度: 286.13KB/s | 数据量: 0.3KB | 总耗时: 0.98s | 证书: 有效
[2026-10-08 09:09:05] ✅ HTTPS测速成功: https://ali-m-l.cztv.com/channels/lantian/channel002/1080p.m3u8
   速度: 291.99KB/s | 数据量: 0.3KB | 总耗时: 0.93s | 证书: 有效
[2026-10-08 09:09:05] ✅ 通过阈值 HTTP测速: http://jwplay.hebyun.com.cn/live/LPTV001/1500k/tzwj_video.m3u8
   速度: 512.70KB/s | 数据量: 0.5KB | 总耗时: 1.16s | 阈值: 300KB/s
[2026-10-08 09:09:06] ✅ HTTPS测速成功: https://event.pull.hebtv.com:443/live/live101.m3u8
   速度: 339.84KB/s | 数据量: 0.3KB | 总耗时: 0.70s | 证书: 有效
[2026-10-08 09:09:06] ✅ HTTPS测速成功: https://jwcdnqx.hebyun.com.cn/live/qinghe1/1500k/tzwj_video.m3u8
   速度: 512.70KB/s | 数据量: 0.5KB | 总耗时: 0.75s | 证书: 有效
[2026-10-08 09:09:06] ✅ HTTPS测速成功: https://jwcdnqx.hebyun.com.cn/live/clzhpd/1500k/tzwj_video.m3u8
   速度: 512.70KB/s | 数据量: 0.5KB | 总耗时: 0.73s | 证书: 有效
[2026-10-08 09:09:06] ✅ HTTPS测速成功: https://jwcdnqx.hebyun.com.cn/live/xlzh/1500k/tzwj_video.m3u8
   速度: 500.00KB/s | 数据量: 0.5KB | 总耗时: 0.77s | 证书: 有效
[2026-10-08 09:09:06] ✅ HTTPS测速成功: https://jwcdnqx.hebyun.com.cn/live/pqzh/1500k/tzwj_video.m3u8
   速度: 47.13KB/s | 数据量: 0.5KB | 总耗时: 0.82s | 证书: 有效
[2026-10-08 09:09:06] ✅ HTTPS测速成功: https://jwcdnqx.hebyun.com.cn/live/xtcsshpd/1500k/tzwj_video.m3u8
   速度: 518.55KB/s | 数据量: 0.5KB | 总耗时: 0.80s | 证书: 有效
[2026-10-08 09:09:06] ✅ HTTPS测速成功: https://jwcdnqx.hebyun.com.cn/live/rqtv1/1500k/tzwj_video.m3u8
   速度: 500.00KB/s | 数据量: 0.5KB | 总耗时: 1.02s | 证书: 有效
[2026-10-08 09:09:06] ✅ HTTPS测速成功: https://jwplay.hebyun.com.cn:443/live/xtsrmtzs/1500k/tzwj_video.m3u8
   速度: 525.39KB/s | 数据量: 0.5KB | 总耗时: 0.76s | 证书: 有效
[2026-10-08 09:09:06] 🚫 未达阈值 HTTP测速: http://ali-m-l.cztv.com/channels/lantian/channel012/1080p.m3u8
   速度: 291.99KB/s | 数据量: 0.3KB | 总耗时: 0.66s | 阈值: 300KB/s
[2026-10-08 09:09:06] 🚫 未达阈值 HTTP测速: http://ali-m-l.cztv.com/channels/lantian/channel006/720p.m3u8
   速度: 288.09KB/s | 数据量: 0.3KB | 总耗时: 0.66s | 阈值: 300KB/s
[2026-10-08 09:09:06] 🚫 未达阈值 HTTP测速: http://ali-m-l.cztv.com/channels/lantian/channel009/1080p.m3u8
   速度: 289.06KB/s | 数据量: 0.3KB | 总耗时: 0.75s | 阈值: 300KB/s
[2026-10-08 09:09:07] ✅ HTTPS测速成功: https://jwcdnqx.hebyun.com.cn/live/hdxwzh/1500k/tzwj_video.m3u8
   速度: 485.35KB/s | 数据量: 0.5KB | 总耗时: 0.73s | 证书: 有效
[2026-10-08 09:09:07] ✅ HTTPS测速成功: https://jwcdnqx.hebyun.com.cn/live/hdkj/1500k/tzwj_video.m3u8
   速度: 479.49KB/s | 数据量: 0.5KB | 总耗时: 0.74s | 证书: 有效
[2026-10-08 09:09:07] 🚫 未达阈值 HTTP测速: http://ali-m-l.cztv.com/channels/lantian/channel004/1080p.m3u8
   速度: 291.99KB/s | 数据量: 0.3KB | 总耗时: 0.55s | 阈值: 300KB/s
[2026-10-08 09:09:07] ✅ HTTPS测速成功: https://ali-m-l.cztv.com/channels/lantian/channel008/1080p.m3u8
   速度: 291.99KB/s | 数据量: 0.3KB | 总耗时: 0.64s | 证书: 有效
[2026-10-08 09:09:07] 🚫 未达阈值 HTTP测速: http://ali-m-l.cztv.com/channels/lantian/channel04/720p.m3u8
   速度: 287.11KB/s | 数据量: 0.3KB | 总耗时: 0.87s | 阈值: 300KB/s
[2026-10-08 09:09:07] 🚫 未达阈值 HTTP测速: http://ali-m-l.cztv.com/channels/lantian/channel12/720p.m3u8
   速度: 289.06KB/s | 数据量: 0.3KB | 总耗时: 0.88s | 阈值: 300KB/s
[2026-10-08 09:09:07] 🚫 未达阈值 HTTP测速: http://ali-m-l.cztv.com/channels/lantian/channel03/720p.m3u8
   速度: 289.06KB/s | 数据量: 0.3KB | 总耗时: 0.55s | 阈值: 300KB/s
[2026-10-08 09:09:07] ✅ 通过阈值 HTTP测速: http://live.zohi.tv/video/s10001-fztv-1/index.m3u8
   速度: 498.05KB/s | 数据量: 0.5KB | 总耗时: 1.59s | 阈值: 300KB/s
[2026-10-08 09:09:07] ✅ HTTPS测速成功: https://ali-m-l.cztv.com/channels/lantian/channel004/1080p.m3u8
   速度: 291.99KB/s | 数据量: 0.3KB | 总耗时: 0.63s | 证书: 有效
[2026-10-08 09:09:07] 🚫 未达阈值 HTTP测速: http://ali-m-l.cztv.com/channels/lantian/channel02/1080p.m3u8
   速度: 291.99KB/s | 数据量: 0.3KB | 总耗时: 0.42s | 阈值: 300KB/s
[2026-10-08 09:09:08] ✅ 通过阈值 HTTP测速: http://120.76.248.139/live/bfgd/4200000282.m3u8
   速度: 859.38KB/s | 数据量: 0.9KB | 总耗时: 0.43s | 阈值: 300KB/s
[2026-10-08 09:09:08] ✅ HTTPS测速成功: https://dxtx.hntv.tv/live/lypd.m3u8?txSecret=10c771842a0be59e8b575d765173ec96&txTime=7B923E0A&wsSecret=41543190cdf375f1c73207222bb96542&wsTime=1769313549
   速度: 280.27KB/s | 数据量: 0.3KB | 总耗时: 1.01s | 证书: 有效
[2026-10-08 09:09:08] ✅ HTTPS测速成功: https://ali-m-l.cztv.com/channels/lantian/channel007/1080p.m3u8
   速度: 291.99KB/s | 数据量: 0.3KB | 总耗时: 0.77s | 证书: 有效
[2026-10-08 09:09:08] ✅ HTTPS测速成功: https://ali-m-l.cztv.com/channels/lantian/channel006/1080p.m3u8?
   速度: 289.06KB/s | 数据量: 0.3KB | 总耗时: 0.82s | 证书: 有效
[2026-10-08 09:09:08] 🚫 未达阈值 HTTP测速: http://59.175.226.142:280/gb28181/xwzh.m3u8?zhubd
   速度: 1.11KB/s | 数据量: 0.2KB | 总耗时: 0.67s | 阈值: 300KB/s
[2026-10-08 09:09:08] 🚫 未达阈值 HTTP测速: http://ali-m-l.cztv.com/channels/lantian/channel007/1080p.m3u8
   速度: 291.99KB/s | 数据量: 0.3KB | 总耗时: 0.68s | 阈值: 300KB/s
[2026-10-08 09:09:08] ✅ HTTPS测速成功: https://gcalic.v.myalicdn.com/gc/tyhjtys_1/index.m3u8
   速度: 324.22KB/s | 数据量: 0.3KB | 总耗时: 0.60s | 证书: 有效
[2026-10-08 09:09:08] ✅ HTTPS测速成功: https://gcalic.v.myalicdn.com/gc/hkts07_1/index.m3u8
   速度: 319.34KB/s | 数据量: 0.3KB | 总耗时: 0.56s | 证书: 有效
[2026-10-08 09:09:08] ✅ 通过阈值 HTTP测速: http://183.237.95.108:9901/tsfile/live/1008_1.m3u8?key=txiptv&playlive=0&authid=0
   速度: 433.59KB/s | 数据量: 0.4KB | 总耗时: 0.42s | 阈值: 300KB/s
[2026-10-08 09:09:09] ✅ HTTPS测速成功: https://gcalic.v.myalicdn.com/gc/tms05_1/index.m3u8
   速度: 320.31KB/s | 数据量: 0.3KB | 总耗时: 0.84s | 证书: 有效
[2026-10-08 09:09:09] ✅ HTTPS测速成功: https://gcalic.v.myalicdn.com/gc/zjjbfh_1/index.m3u8
   速度: 325.20KB/s | 数据量: 0.3KB | 总耗时: 0.76s | 证书: 有效
[2026-10-08 09:09:10] ✅ HTTPS测速成功: https://gcalic.v.myalicdn.com/gc/zjjybf_1/index.m3u8
   速度: 319.34KB/s | 数据量: 0.3KB | 总耗时: 0.78s | 证书: 有效
[2026-10-08 09:09:10] ✅ HTTPS测速成功: https://liveplay-srs.voc.com.cn/hls/tv/183_554704.m3u8
   速度: 453.12KB/s | 数据量: 0.5KB | 总耗时: 1.12s | 证书: 有效
[2026-10-08 09:09:10] ✅ HTTPS测速成功: https://stream.ads.ottera.tv/playlist.m3u8?network_id=595
   速度: 636.72KB/s | 数据量: 0.6KB | 总耗时: 0.24s | 证书: 有效
[2026-10-08 09:09:11] ✅ HTTPS测速成功: https://gcalic.v.myalicdn.com/gc/zjjsrsm_1/index.m3u8
   速度: 335.94KB/s | 数据量: 0.3KB | 总耗时: 0.72s | 证书: 有效
[2026-10-08 09:09:11] ✅ HTTPS测速成功: https://gcalic.v.myalicdn.com/gc/zyqcdx01_1/index.m3u8
   速度: 334.96KB/s | 数据量: 0.3KB | 总耗时: 0.57s | 证书: 有效
[2026-10-08 09:09:11] 🚫 未达阈值 HTTP测速: http://play.kankanlive.com/live/1720583434627241.m3u8
   速度: 249.02KB/s | 数据量: 0.2KB | 总耗时: 1.41s | 阈值: 300KB/s
[2026-10-08 09:09:11] ✅ HTTPS测速成功: https://p2hs.vzan.com/slowlive/317913155078575177/live.m3u8
   速度: 691.41KB/s | 数据量: 0.7KB | 总耗时: 1.28s | 证书: 有效
[2026-10-08 09:09:12] 🚫 未达阈值 HTTP测速: http://play.kankanlive.com/live/1720408280309109.m3u8
   速度: 249.02KB/s | 数据量: 0.2KB | 总耗时: 0.57s | 阈值: 300KB/s
[2026-10-08 09:09:12] ✅ HTTPS测速成功: https://play.kankanlive.com/live/1656487214793905.m3u8
   速度: 250.00KB/s | 数据量: 0.2KB | 总耗时: 0.69s | 证书: 有效
[2026-10-08 09:09:12] ✅ HTTPS测速成功: https://stream.jmtv.com.cn/xwzh/playlist.m3u8?_upt=3e28e7271664278691
   速度: 68.36KB/s | 数据量: 0.1KB | 总耗时: 0.87s | 证书: 有效
[2026-10-08 09:09:12] 🚫 未达阈值 HTTP测速: http://play.kankanlive.com/live/1720408089419110.m3u8
   速度: 249.02KB/s | 数据量: 0.2KB | 总耗时: 0.48s | 阈值: 300KB/s
[2026-10-08 09:09:12] ✅ HTTPS测速成功: https://play.kankanlive.com/live/1720583434627241.m3u8
   速度: 250.00KB/s | 数据量: 0.2KB | 总耗时: 0.74s | 证书: 有效
[2026-10-08 09:09:12] ✅ HTTPS测速成功: https://play.kankanlive.com/live/1652755738635915.m3u8
   速度: 250.00KB/s | 数据量: 0.2KB | 总耗时: 0.67s | 证书: 有效
[2026-10-08 09:09:13] 🚫 未达阈值 HTTP测速: http://ali-m-l.cztv.com/channels/lantian/channel003/720p.m3u8
   速度: 289.06KB/s | 数据量: 0.3KB | 总耗时: 0.37s | 阈值: 300KB/s
[2026-10-08 09:09:13] ✅ HTTPS测速成功: https://satellitepull.cnr.cn/live/wxgshhzs/playlist.m3u8
   速度: 315.43KB/s | 数据量: 0.3KB | 总耗时: 1.22s | 证书: 有效
[2026-10-08 09:09:13] ✅ HTTPS测速成功: https://satellitepull.cnr.cn/live/wxgsdstb/playlist.m3u8
   速度: 315.43KB/s | 数据量: 0.3KB | 总耗时: 1.20s | 证书: 有效
[2026-10-08 09:09:13] ✅ HTTPS测速成功: https://gcalic.v.myalicdn.com/gc/gly01_1/index.m3u8
   速度: 314.45KB/s | 数据量: 0.3KB | 总耗时: 0.57s | 证书: 有效
[2026-10-08 09:09:13] ✅ 通过阈值 HTTP测速: http://live.zohi.tv:80/video/s10001-fztv-3/index.m3u8
   速度: 498.05KB/s | 数据量: 0.5KB | 总耗时: 0.45s | 阈值: 300KB/s
[2026-10-08 09:09:13] ✅ HTTPS测速成功: https://live.264788.xyz/channel/fujianxiangcungonggong?streamid=1cf7fc3a8f6d160c33b43c2f9507a0cc&livekey=01WgOR41rriMmMkzNsd0UoaxJRwetZdxIvtVk
   速度: 71394.46KB/s | 数据量: 7188.8KB | 总耗时: 0.29s | 证书: 有效
[2026-10-08 09:09:13] ✅ HTTPS测速成功: https://play.kankanlive.com/live/1683944827526991.m3u8
   速度: 250.00KB/s | 数据量: 0.2KB | 总耗时: 0.71s | 证书: 有效
[2026-10-08 09:09:14] ✅ HTTPS测速成功: https://live.264788.xyz/channel/fujianlvyou?streamid=fc58882de71ce4575b66002f2475226b&livekey=01WgOR41rriMmMkzNsd0UoaxJRwetZdxIvtVk
   速度: 63948.88KB/s | 数据量: 7188.8KB | 总耗时: 0.36s | 证书: 有效
[2026-10-08 09:09:14] ✅ HTTPS测速成功: https://live.zzyxxw.com:2443/live/xwzh.m3u8
   速度: 239.26KB/s | 数据量: 0.2KB | 总耗时: 0.92s | 证书: 有效
[2026-10-08 09:09:14] ✅ 通过阈值 HTTP测速: http://live.zohi.tv/video/s10001-fztv-4/index.m3u8
   速度: 498.05KB/s | 数据量: 0.5KB | 总耗时: 1.33s | 阈值: 300KB/s
[2026-10-08 09:09:14] ✅ HTTPS测速成功: https://gcalic.v.myalicdn.com/gc/wysynf_1/index.m3u8
   速度: 319.34KB/s | 数据量: 0.3KB | 总耗时: 0.58s | 证书: 有效
[2026-10-08 09:09:14] 🚫 未达阈值 HTTP测速: http://satellitepull.cnr.cn/live/wx32fjxwgb/playlist.m3u8
   速度: 258.79KB/s | 数据量: 0.3KB | 总耗时: 1.08s | 阈值: 300KB/s
[2026-10-08 09:09:14] ✅ HTTPS测速成功: https://gcalic.v.myalicdn.com/gc/fcw03_1/index.m3u8
   速度: 320.31KB/s | 数据量: 0.3KB | 总耗时: 0.74s | 证书: 有效
[2026-10-08 09:09:15] ✅ HTTPS测速成功: https://gcalic.v.myalicdn.com/gc/xywfl_1/index.m3u8
   速度: 314.45KB/s | 数据量: 0.3KB | 总耗时: 0.59s | 证书: 有效
[2026-10-08 09:09:15] ✅ 通过阈值 HTTP测速: http://120.76.248.139/live/bfgd/4200000077.m3u8
   速度: 859.38KB/s | 数据量: 0.9KB | 总耗时: 0.56s | 阈值: 300KB/s
[2026-10-08 09:09:15] ✅ HTTPS测速成功: https://gcalic.v.myalicdn.com/gc/lpsgmjng01_1/index.m3u8
   速度: 338.87KB/s | 数据量: 0.3KB | 总耗时: 0.62s | 证书: 有效
[2026-10-08 09:09:15] 🚫 未达阈值 HTTP测速: http://satellitepull.cnr.cn/live/wx32fjdnjjgb/playlist.m3u8
   速度: 260.74KB/s | 数据量: 0.3KB | 总耗时: 1.54s | 阈值: 300KB/s
[2026-10-08 09:09:15] ✅ HTTPS测速成功: https://gcalic.v.myalicdn.com/gc/hkts09_1/index.m3u8
   速度: 319.34KB/s | 数据量: 0.3KB | 总耗时: 0.57s | 证书: 有效
[2026-10-08 09:09:15] ✅ HTTPS测速成功: https://gcalic.v.myalicdn.com/gc/zjwzbblh_1/index.m3u8
   速度: 329.10KB/s | 数据量: 0.3KB | 总耗时: 0.87s | 证书: 有效
[2026-10-08 09:09:15] ✅ 通过阈值 HTTP测速: http://120.76.248.139/live/bfgd/4200000070.m3u8
   速度: 858.40KB/s | 数据量: 0.9KB | 总耗时: 0.44s | 阈值: 300KB/s
[2026-10-08 09:09:15] 🚫 未达阈值 HTTP测速: http://120.76.248.139/live/bfgd/4200000071.m3u8
   速度: 0.98KB/s | 数据量: 0.0KB | 总耗时: 0.55s | 阈值: 300KB/s
[2026-10-08 09:09:16] ✅ 通过阈值 HTTP测速: http://120.76.248.139/live/bfgd/4200000075.m3u8
   速度: 858.40KB/s | 数据量: 0.9KB | 总耗时: 0.43s | 阈值: 300KB/s
[2026-10-08 09:09:16] ✅ 通过阈值 HTTP测速: http://120.76.248.139/live/bfgd/4200000073.m3u8
   速度: 859.38KB/s | 数据量: 0.9KB | 总耗时: 0.41s | 阈值: 300KB/s
[2026-10-08 09:09:16] ✅ 通过阈值 HTTP测速: http://222.179.155.21:1935/ch1.m3u8?zzhongqd
   速度: 405.27KB/s | 数据量: 0.4KB | 总耗时: 0.43s | 阈值: 300KB/s
[2026-10-08 09:09:16] ✅ 通过阈值 HTTP测速: http://120.76.248.139/live/bfgd/4200000076.m3u8
   速度: 858.40KB/s | 数据量: 0.9KB | 总耗时: 0.56s | 阈值: 300KB/s
[2026-10-08 09:09:16] 🚫 未达阈值 HTTP测速: http://183.64.174.171:40123/ch1.m3u8?zzhongqd
   速度: 0.58KB/s | 数据量: 0.1KB | 总耗时: 0.66s | 阈值: 300KB/s
[2026-10-08 09:09:16] 🚫 未达阈值 HTTP测速: http://222.179.42.129:8181/hls1.m3u8
   速度: 0.67KB/s | 数据量: 0.2KB | 总耗时: 0.72s | 阈值: 300KB/s
[2026-10-08 09:09:16] 🚫 未达阈值 HTTP测速: http://43.152.224.209/qctv.fengshows.cn/live/0701pcc72.flv
   速度: 133.96KB/s | 数据量: 1024.0KB | 总耗时: 8.07s | 阈值: 300KB/s
[2026-10-08 09:09:16] ✅ 通过阈值 HTTP测速: http://stream.hrbtv.net/ylpd/sd/live.m3u8?zheild
   速度: 370.12KB/s | 数据量: 0.4KB | 总耗时: 0.60s | 阈值: 300KB/s
[2026-10-08 09:09:16] ✅ 通过阈值 HTTP测速: http://stream.hrbtv.net/yspd/sd/live.m3u8?zheild
   速度: 355.47KB/s | 数据量: 0.4KB | 总耗时: 0.53s | 阈值: 300KB/s
[2026-10-08 09:09:16] ✅ HTTPS测速成功: https://gcalic.v.myalicdn.com/gc/zh02_1/index.m3u8
   速度: 309.57KB/s | 数据量: 0.3KB | 总耗时: 0.57s | 证书: 有效
[2026-10-08 09:09:16] ✅ HTTPS测速成功: https://gcalic.v.myalicdn.com/gc/hlzycc_1/index.m3u8
   速度: 319.34KB/s | 数据量: 0.3KB | 总耗时: 0.57s | 证书: 有效
[2026-10-08 09:09:16] 🚫 未达阈值 HTTP测速: http://38.64.72.148/hls/modn/list/4005/playlist.m3u8
   速度: 229.49KB/s | 数据量: 0.2KB | 总耗时: 0.02s | 阈值: 300KB/s
[2026-10-08 09:09:17] ✅ 通过阈值 HTTP测速: http://stream.hrbtv.net/zxpd/sd/live.m3u8
   速度: 370.12KB/s | 数据量: 0.4KB | 总耗时: 0.50s | 阈值: 300KB/s
[2026-10-08 09:09:17] ✅ 通过阈值 HTTP测速: http://stream.hrbtv.net/xwzh/sd/live.m3u8?zheild
   速度: 355.47KB/s | 数据量: 0.4KB | 总耗时: 0.54s | 阈值: 300KB/s
[2026-10-08 09:09:17] ✅ 通过阈值 HTTP测速: http://stream.hrbtv.net/shpd/sd/live.m3u8?zheild
   速度: 355.47KB/s | 数据量: 0.4KB | 总耗时: 0.53s | 阈值: 300KB/s
[2026-10-08 09:09:17] ✅ 通过阈值 HTTP测速: http://cdn.163189.xyz/live/hoy/stream.m3u8
   速度: 3429.69KB/s | 数据量: 3.4KB | 总耗时: 0.19s | 阈值: 300KB/s
[2026-10-08 09:09:17] 🚫 未达阈值 HTTP测速: http://61.221.215.25:8800/hls/9/index.m3u8
   速度: 250.98KB/s | 数据量: 0.3KB | 总耗时: 0.29s | 阈值: 300KB/s
[2026-10-08 09:09:17] ✅ 通过阈值 HTTP测速: http://38.64.72.148/hls/modn/list/4013/chunklist1.m3u8
   速度: 397.46KB/s | 数据量: 0.4KB | 总耗时: 0.02s | 阈值: 300KB/s
[2026-10-08 09:09:17] ❌ HTTP测速失败: http://zjtv-wshls.homecdn.com/live/2aa16.m3u8
   错误: HTTPConnectionPool(host='zjtv-wshls.homecdn.com', port=80): Max retries exceeded with url: /live/2aa16.m3u8 (Caused by ConnectTimeoutError(<HTTPConnection(host='zjtv-wshls.homecdn.com', port=80) at 0x7f28c6c02360>, 'Connection to zjtv-wshls.homecdn.com timed out. (connect timeout=3.05)')) | 域名: zjtv-wshls.homecdn.com
[2026-10-08 09:09:17] ✅ HTTPS测速成功: https://raw.githubusercontent.com/ChiSheng9/iptv/master/TV12.m3u8
   速度: 62.50KB/s | 数据量: 0.1KB | 总耗时: 0.15s | 证书: 有效
[2026-10-08 09:09:17] ✅ HTTPS测速成功: https://raw.githubusercontent.com/ChiSheng9/iptv/master/TV02.m3u8
   速度: 62.50KB/s | 数据量: 0.1KB | 总耗时: 0.05s | 证书: 有效
[2026-10-08 09:09:17] 🚫 未达阈值 HTTP测速: http://61.221.215.25:8800/hls/41/index.m3u8
   速度: 250.98KB/s | 数据量: 0.3KB | 总耗时: 0.29s | 阈值: 300KB/s
[2026-10-08 09:09:17] 🚫 未达阈值 HTTP测速: http://61.221.215.25:8800/hls/39/index.m3u8
   速度: 184.57KB/s | 数据量: 0.2KB | 总耗时: 0.29s | 阈值: 300KB/s
[2026-10-08 09:09:17] ✅ 通过阈值 HTTP测速: http://cdn6.163189.xyz/163189/fct4k
   速度: 3429.69KB/s | 数据量: 3.4KB | 总耗时: 0.20s | 阈值: 300KB/s
[2026-10-08 09:09:17] ✅ HTTPS测速成功: https://gcalic.v.myalicdn.com/gc/hsxksqj_1/index.m3u8
   速度: 324.22KB/s | 数据量: 0.3KB | 总耗时: 0.58s | 证书: 有效
[2026-10-08 09:09:17] 🚫 未达阈值 HTTP测速: http://61.221.215.25:8800/hls/48/index.m3u8
   速度: 251.95KB/s | 数据量: 0.3KB | 总耗时: 0.29s | 阈值: 300KB/s
[2026-10-08 09:09:17] ✅ HTTPS测速成功: https://raw.githubusercontent.com/ChiSheng9/iptv/master/TV17.m3u8
   速度: 62.50KB/s | 数据量: 0.1KB | 总耗时: 0.30s | 证书: 有效
[2026-10-08 09:09:18] ✅ HTTPS测速成功: https://gcalic.v.myalicdn.com/gc/zjwzblt_1/index.m3u8
   速度: 330.08KB/s | 数据量: 0.3KB | 总耗时: 0.58s | 证书: 有效
[2026-10-08 09:09:18] ✅ HTTPS测速成功: https://gcalic.v.myalicdn.com/gc/zjwzlyhb_1/index.m3u8
   速度: 340.82KB/s | 数据量: 0.3KB | 总耗时: 0.58s | 证书: 有效
[2026-10-08 09:09:18] ✅ HTTPS测速成功: https://gcalic.v.myalicdn.com/gc/zjwzlxt_1/index.m3u8
   速度: 324.22KB/s | 数据量: 0.3KB | 总耗时: 0.53s | 证书: 有效
[2026-10-08 09:09:18] ✅ HTTPS测速成功: https://stream.hrbtv.net/zxpd/sd/live.m3u8
   速度: 370.12KB/s | 数据量: 0.4KB | 总耗时: 1.01s | 证书: 有效
[2026-10-08 09:09:18] ✅ HTTPS测速成功: https://gcalic.v.myalicdn.com/gc/blg03_1/index.m3u8
   速度: 314.45KB/s | 数据量: 0.3KB | 总耗时: 0.57s | 证书: 有效
[2026-10-08 09:09:18] ✅ HTTPS测速成功: https://gcalic.v.myalicdn.com/gc/blg05_1/index.m3u8
   速度: 320.31KB/s | 数据量: 0.3KB | 总耗时: 0.56s | 证书: 有效
[2026-10-08 09:09:18] ✅ 通过阈值 HTTP测速: http://cdn6.163189.xyz/163189/amty
   速度: 3429.69KB/s | 数据量: 3.4KB | 总耗时: 0.11s | 阈值: 300KB/s
[2026-10-08 09:09:18] ✅ HTTPS测速成功: https://gcalic.v.myalicdn.com/gc/hlwcc_1/index.m3u8
   速度: 314.45KB/s | 数据量: 0.3KB | 总耗时: 0.65s | 证书: 有效
[2026-10-08 09:09:18] ✅ HTTPS测速成功: https://raw.githubusercontent.com/ChiSheng9/iptv/master/TV09.m3u8
   速度: 62.50KB/s | 数据量: 0.1KB | 总耗时: 0.28s | 证书: 有效
[2026-10-08 09:09:18] ✅ HTTPS测速成功: https://epg.pw/stream/4f18dfe0593db5c686eb64ae8edaf2a9202d4d46bdc9bbde2cee27708e12ea01.m3u8
   速度: 124.02KB/s | 数据量: 0.1KB | 总耗时: 0.25s | 证书: 有效
[2026-10-08 09:09:19] ✅ HTTPS测速成功: https://epg.pw/stream/f7556eccd4ae06b0c2991fdc7a4f8388496559f728cc82459a8e50346040e226.m3u8
   速度: 124.02KB/s | 数据量: 0.1KB | 总耗时: 0.38s | 证书: 有效
[2026-10-08 09:09:19] ✅ HTTPS测速成功: https://gcalic.v.myalicdn.com/gc/dhyyqst_1/index.m3u8
   速度: 324.22KB/s | 数据量: 0.3KB | 总耗时: 0.57s | 证书: 有效
[2026-10-08 09:09:19] ✅ 通过阈值 HTTP测速: http://www.goodiptv.club/douyu/5061550
   速度: 1392.58KB/s | 数据量: 1.4KB | 总耗时: 0.88s | 阈值: 300KB/s
[2026-10-08 09:09:19] 🚫 未达阈值 HTTP测速: http://43.152.224.209/qctv.fengshows.cn/live/0701pin72.flv
   速度: 186.77KB/s | 数据量: 2048.0KB | 总耗时: 11.40s | 阈值: 300KB/s
[2026-10-08 09:09:20] 🚫 未达阈值 HTTP测速: http://www.goodiptv.club/douyu/4549169
   速度: 0.00KB/s | 数据量: 0.0KB | 总耗时: 1.30s | 阈值: 300KB/s
[2026-10-08 09:09:20] ✅ 通过阈值 HTTP测速: http://www.goodiptv.club/douyu/6863367
   速度: 1392.58KB/s | 数据量: 1.4KB | 总耗时: 0.65s | 阈值: 300KB/s
[2026-10-08 09:09:20] ✅ 通过阈值 HTTP测速: http://www.goodiptv.club/douyu/3928
   速度: 386.03KB/s | 数据量: 172.5KB | 总耗时: 2.08s | 阈值: 300KB/s
[2026-10-08 09:09:20] ✅ 通过阈值 HTTP测速: http://www.goodiptv.club/douyu/5522351
   速度: 364.02KB/s | 数据量: 165.5KB | 总耗时: 1.56s | 阈值: 300KB/s
[2026-10-08 09:09:20] 🚫 未达阈值 HTTP测速: http://cdn9.163189.xyz/smt1.1.php?id=pearl_twn
   速度: 0.00KB/s | 数据量: 0.0KB | 总耗时: 3.77s | 阈值: 300KB/s
[2026-10-08 09:09:21] ✅ 通过阈值 HTTP测速: http://www.goodiptv.club/douyu/74374
   速度: 519.43KB/s | 数据量: 371.3KB | 总耗时: 2.49s | 阈值: 300KB/s
[2026-10-08 09:09:21] ✅ 通过阈值 HTTP测速: http://www.goodiptv.club/douyu/2793084
   速度: 564.81KB/s | 数据量: 270.2KB | 总耗时: 2.44s | 阈值: 300KB/s
[2026-10-08 09:09:21] 🚫 未达阈值 HTTP测速: http://61.221.215.25:8800/hls/49/index.m3u8
   速度: 252.93KB/s | 数据量: 0.3KB | 总耗时: 0.30s | 阈值: 300KB/s
[2026-10-08 09:09:21] ✅ 通过阈值 HTTP测速: http://cdn6.163189.xyz/163189/amzy
   速度: 3396.73KB/s | 数据量: 3.4KB | 总耗时: 0.12s | 阈值: 300KB/s
[2026-10-08 09:09:21] 🚫 未达阈值 HTTP测速: http://ebsonairios.ebs.co.kr/ebsutablet500k/tablet500k/playlist.m3u8
   速度: 122.07KB/s | 数据量: 0.1KB | 总耗时: 0.98s | 阈值: 300KB/s
[2026-10-08 09:09:21] ✅ HTTPS测速成功: https://live.264788.xyz/channel/fengyunyinyue?streamid=1b41fb9153cba3ee19bd5d1b323da27e&livekey=01WgOR41rriMmMkzNsd0UoaxJRwetZdxIvtVk
   速度: 66915.43KB/s | 数据量: 7188.8KB | 总耗时: 0.36s | 证书: 有效
[2026-10-08 09:09:21] ✅ HTTPS测速成功: https://satellitepull.cnr.cn/live/wx32nmgyygb/playlist.m3u8
   速度: 318.36KB/s | 数据量: 0.3KB | 总耗时: 0.48s | 证书: 有效
[2026-10-08 09:09:22] 🚫 未达阈值 HTTP测速: http://www.goodiptv.club/douyu/9661369
   速度: 0.00KB/s | 数据量: 0.0KB | 总耗时: 2.15s | 阈值: 300KB/s
[2026-10-08 09:09:22] ✅ HTTPS测速成功: https://m3u8channel.yunxya.com/nmip-media/channellive/channel100028/playlist.m3u8
   速度: 271.48KB/s | 数据量: 0.3KB | 总耗时: 2.20s | 证书: 有效
[2026-10-08 09:09:22] 🚫 未达阈值 HTTP测速: http://43.152.224.209/qctv.fengshows.cn/live/0701phk72.flv
   速度: 147.82KB/s | 数据量: 2048.0KB | 总耗时: 14.28s | 阈值: 300KB/s
[2026-10-08 09:09:24] ✅ HTTPS测速成功: https://rt-doc.rttv.com/dvr/rtdru/rtdru1080.m3u8
   速度: 10164.98KB/s | 数据量: 73.9KB | 总耗时: 0.54s | 证书: 有效
[2026-10-08 09:09:24] ✅ HTTPS测速成功: https://rt-rtd.rttv.com/dvr/rtdoc/playlist_4500Kb.m3u8
   速度: 22221.06KB/s | 数据量: 464.1KB | 总耗时: 0.56s | 证书: 有效
[2026-10-08 09:09:26] ✅ HTTPS测速成功: https://alimov2.a.kwimgs.com/upic/2023/01/13/20/BMjAyMzAxMTMyMDA5MjJfNDAzMDAxOTlfOTM0OTkwNDQwNzVfMF8z_b_B811c0dec6b9a3d3074a18522c185010a.mp4
   速度: 36642.11KB/s | 数据量: 183296.0KB | 总耗时: 5.26s | 证书: 有效
[2026-10-08 09:09:26] ✅ HTTPS测速成功: https://alimov2.a.kwimgs.com/upic/2023/01/13/22/BMjAyMzAxMTMyMjEwMDNfNDAzMDAxOTlfOTM1MTIzMzYxMjNfMF8z_b_B3dde97f36273f04403d4dc5eec611a35.mp4
   速度: 37569.29KB/s | 数据量: 188416.0KB | 总耗时: 5.42s | 证书: 有效
[2026-10-08 09:09:26] ✅ HTTPS测速成功: https://alimov2.a.kwimgs.com/upic/2023/01/13/22/BMjAyMzAxMTMyMjEwMDNfNDAzMDAxOTlfOTM1MTIzMzYwODJfMF8z_b_B647d10e431b4cc5e48e6c77347d69021.mp4
   速度: 35942.10KB/s | 数据量: 181248.0KB | 总耗时: 5.46s | 证书: 有效
[2026-10-08 09:09:27] ✅ HTTPS测速成功: https://alimov2.a.kwimgs.com/upic/2023/01/13/22/BMjAyMzAxMTMyMjEwMDNfNDAzMDAxOTlfOTM1MTIzMzYxNTJfMF8z_b_Bd841eae10ab1c9955ef55fbedfae6c45.mp4
   速度: 35833.00KB/s | 数据量: 179200.0KB | 总耗时: 5.35s | 证书: 有效
[2026-10-08 09:09:27] ✅ HTTPS测速成功: https://alimov2.a.kwimgs.com/upic/2023/01/13/21/BMjAyMzAxMTMyMTE4MzRfNDAzMDAxOTlfOTM1MDY4ODIxMTNfMF8z_b_Bdddf4e7ef0ff6cfd477857bb40e78419.mp4
   速度: 37552.08KB/s | 数据量: 189440.0KB | 总耗时: 5.39s | 证书: 有效
[2026-10-08 09:09:27] ✅ HTTPS测速成功: https://alimov2.a.kwimgs.com/upic/2023/01/13/20/BMjAyMzAxMTMyMDA5MjJfNDAzMDAxOTlfOTM0OTkwNDQyMDFfMF8z_b_B70592cb7c4054e9cabb675e849bbf4bd.mp4
   速度: 36106.84KB/s | 数据量: 182272.0KB | 总耗时: 5.29s | 证书: 有效
[2026-10-08 09:09:27] ✅ HTTPS测速成功: https://alimov2.a.kwimgs.com/upic/2023/01/13/21/BMjAyMzAxMTMyMTE4MzRfNDAzMDAxOTlfOTM1MDY4ODIxNDdfMF8z_b_Ba6271d10b7e6cfae83759033a091f257.mp4
   速度: 36972.10KB/s | 数据量: 185344.0KB | 总耗时: 5.44s | 证书: 有效
[2026-10-08 09:09:28] ✅ HTTPS测速成功: https://alimov2.a.kwimgs.com/upic/2023/01/14/23/BMjAyMzAxMTQyMzQxNDdfNDAzMDAxOTlfOTM2MTU0MTk1NDFfMF8z_b_B182749d2cd2ea9323639254af385f24b.mp4
   速度: 35792.24KB/s | 数据量: 179200.0KB | 总耗时: 5.44s | 证书: 有效
[2026-10-08 09:09:30] ✅ HTTPS测速成功: https://alimov2.a.kwimgs.com/upic/2023/01/13/21/BMjAyMzAxMTMyMTE4MzRfNDAzMDAxOTlfOTM1MDY4ODIxOTVfMF8z_b_B86c4430b82ff5a7f4e8132f6ee558536.mp4
   速度: 36629.95KB/s | 数据量: 183296.0KB | 总耗时: 5.43s | 证书: 有效
[2026-10-08 09:09:30] ✅ HTTPS测速成功: https://alimov2.a.kwimgs.com/upic/2023/01/13/20/BMjAyMzAxMTMyMDA5MjJfNDAzMDAxOTlfOTM0OTkwNDQyMzhfMF8z_b_B35ad7cc86aec8fc9e5ddfb31fc7bed63.mp4
   速度: 34867.08KB/s | 数据量: 175104.0KB | 总耗时: 5.26s | 证书: 有效
[2026-10-08 09:09:30] ✅ HTTPS测速成功: https://d4ybyqrhce41r.cloudfront.net/v1/master/3fec3e5cac39a52b2132f9c66c83dae043dc17d4/prod-xumo-linear-nbcu-hlsv3/master.m3u8?ads.channelId=99991626
   速度: 2154.30KB/s | 数据量: 2.2KB | 总耗时: 0.22s | 证书: 有效
[2026-10-08 09:09:31] ✅ HTTPS测速成功: https://amdlive-ch01-ctnd-com.akamaized.net/arirang_1ch/smil:arirang_1ch.smil/chunklist_b3256000_sleng.m3u8
   速度: 271.48KB/s | 数据量: 0.3KB | 总耗时: 0.63s | 证书: 有效
[2026-10-08 09:09:31] ✅ HTTPS测速成功: https://epg.pw/stream/d2edf469b9079064a283f4b0811cbf6f2597ebbb3d08dcf77036a4b5a791b7cf.m3u8
   速度: 124.02KB/s | 数据量: 0.1KB | 总耗时: 0.22s | 证书: 有效
[2026-10-08 09:09:31] ✅ HTTPS测速成功: https://dbrb49pjoymg4.cloudfront.net/v1/master/3fec3e5cac39a52b2132f9c66c83dae043dc17d4/prod_default_xumo-ams-aws/master.m3u8?ads.xumo_channelId=99991276
   速度: 1806.64KB/s | 数据量: 1.8KB | 总耗时: 0.14s | 证书: 有效
[2026-10-08 09:09:31] ✅ HTTPS测速成功: https://5ddce30eb4b55.streamlock.net/bltvhd/bltv1/playlist.m3u8
   速度: 135.74KB/s | 数据量: 0.1KB | 总耗时: 0.64s | 证书: 有效
[2026-10-08 09:09:31] ✅ HTTPS测速成功: https://d2e1asnsl7br7b.cloudfront.net/7782e205e72f43aeb4a48ec97f66ebbe/index_5.m3u8
   速度: 546.88KB/s | 数据量: 0.5KB | 总耗时: 0.19s | 证书: 有效
[2026-10-08 09:09:31] ✅ HTTPS测速成功: https://raw.githubusercontent.com/ChiSheng9/iptv/master/TV28.m3u8
   速度: 62.50KB/s | 数据量: 0.1KB | 总耗时: 0.15s | 证书: 有效
[2026-10-08 09:09:32] ✅ HTTPS测速成功: https://raw.githubusercontent.com/ChiSheng9/iptv/master/TV08.m3u8
   速度: 62.50KB/s | 数据量: 0.1KB | 总耗时: 0.16s | 证书: 有效
[2026-10-08 09:09:32] ✅ HTTPS测速成功: https://raw.githubusercontent.com/ChiSheng9/iptv/master/TV18.m3u8
   速度: 62.50KB/s | 数据量: 0.1KB | 总耗时: 0.16s | 证书: 有效
[2026-10-08 09:09:32] ✅ HTTPS测速成功: https://alimov2.a.kwimgs.com/upic/2023/01/13/20/BMjAyMzAxMTMyMDA5MjJfNDAzMDAxOTlfOTM0OTkwNDQyNzlfMF8z_b_Bbc3703fc331dc994c50859c19aad28ff.mp4
   速度: 36860.51KB/s | 数据量: 184320.0KB | 总耗时: 5.23s | 证书: 有效
[2026-10-08 09:09:32] ✅ HTTPS测速成功: https://alimov2.a.kwimgs.com/upic/2023/01/13/20/BMjAyMzAxMTMyMDA5MjJfNDAzMDAxOTlfOTM0OTkwNDQzOTBfMF8z_b_B29a36a85e0277f6c2a1f033ef7c10708.mp4
   速度: 36219.21KB/s | 数据量: 181248.0KB | 总耗时: 5.23s | 证书: 有效
[2026-10-08 09:09:32] ✅ HTTPS测速成功: https://raw.githubusercontent.com/ChiSheng9/iptv/master/TV26.m3u8
   速度: 62.50KB/s | 数据量: 0.1KB | 总耗时: 0.15s | 证书: 有效
[2026-10-08 09:09:32] ✅ HTTPS测速成功: https://alimov2.a.kwimgs.com/upic/2023/01/13/20/BMjAyMzAxMTMyMDA5MjJfNDAzMDAxOTlfOTM0OTkwNDQzMjNfMF8z_b_B00b069c7899976459ceeaa99353dfefe.mp4
   速度: 36437.73KB/s | 数据量: 183296.0KB | 总耗时: 5.28s | 证书: 有效
[2026-10-08 09:09:32] ✅ HTTPS测速成功: https://alimov2.a.kwimgs.com/upic/2023/01/13/20/BMjAyMzAxMTMyMDA5MjJfNDAzMDAxOTlfOTM0OTkwNDQ0MjlfMF8z_b_B8818807a00eed329a69fb494f405bd43.mp4
   速度: 37057.88KB/s | 数据量: 185344.0KB | 总耗时: 5.23s | 证书: 有效
[2026-10-08 09:09:32] ✅ HTTPS测速成功: https://raw.githubusercontent.com/ChiSheng9/iptv/master/TV04.m3u8
   速度: 62.50KB/s | 数据量: 0.1KB | 总耗时: 0.15s | 证书: 有效
[2026-10-08 09:09:32] ✅ HTTPS测速成功: https://raw.githubusercontent.com/ChiSheng9/iptv/master/TV15.m3u8
   速度: 62.50KB/s | 数据量: 0.1KB | 总耗时: 0.17s | 证书: 有效
[2026-10-08 09:09:32] ✅ HTTPS测速成功: https://raw.githubusercontent.com/ChiSheng9/iptv/master/TV16.m3u8
   速度: 51.76KB/s | 数据量: 0.1KB | 总耗时: 0.16s | 证书: 有效
[2026-10-08 09:09:32] ✅ 通过阈值 HTTP测速: http://cdn.163189.xyz/163189/now
   速度: 3429.69KB/s | 数据量: 3.4KB | 总耗时: 0.11s | 阈值: 300KB/s
[2026-10-08 09:09:32] ✅ HTTPS测速成功: https://raw.githubusercontent.com/ChiSheng9/iptv/master/TV05.m3u8
   速度: 62.50KB/s | 数据量: 0.1KB | 总耗时: 0.16s | 证书: 有效
[2026-10-08 09:09:32] ✅ HTTPS测速成功: https://raw.githubusercontent.com/ChiSheng9/iptv/master/TV10.m3u8
   速度: 62.50KB/s | 数据量: 0.1KB | 总耗时: 0.16s | 证书: 有效
[2026-10-08 09:09:32] ✅ HTTPS测速成功: https://raw.githubusercontent.com/ChiSheng9/iptv/master/TV14.m3u8
   速度: 62.50KB/s | 数据量: 0.1KB | 总耗时: 0.17s | 证书: 有效
[2026-10-08 09:09:32] ✅ HTTPS测速成功: https://alimov2.a.kwimgs.com/upic/2023/01/13/20/BMjAyMzAxMTMyMDA5MjJfNDAzMDAxOTlfOTM0OTkwNDQ1NjNfMF8z_b_B4fea55408dca4471a68a963ae096be59.mp4
   速度: 36875.68KB/s | 数据量: 185344.0KB | 总耗时: 5.26s | 证书: 有效
[2026-10-08 09:09:32] ✅ HTTPS测速成功: https://p2.bdstatic.com/rtmp.liveshow.lss-user.baidubce.com/live/stream_bduid_6488563992_8982723413/merged_1707497046297_88536_25144_41936.m3u8
   速度: 235.86KB/s | 数据量: 103.6KB | 总耗时: 2.95s | 证书: 有效
[2026-10-08 09:09:32] ✅ 通过阈值 HTTP测速: http://nmxlive.akamaized.net/hls/live/529965/Live_1/index.m3u8
   速度: 802.73KB/s | 数据量: 0.8KB | 总耗时: 0.38s | 阈值: 300KB/s
[2026-10-08 09:09:33] ✅ HTTPS测速成功: https://alimov2.a.kwimgs.com/upic/2023/01/06/16/BMjAyMzAxMDYxNjMxMTNfNDAzMDAxOTlfOTI4OTY2ODAzNjlfMF8z_b_Bdee65c77f9e7b2120a185c919dad81d2.mp4
   速度: 35845.57KB/s | 数据量: 180224.0KB | 总耗时: 5.27s | 证书: 有效
[2026-10-08 09:09:33] ✅ HTTPS测速成功: https://alimov2.a.kwimgs.com/upic/2023/01/06/16/BMjAyMzAxMDYxNjMxMTRfNDAzMDAxOTlfOTI4OTY2ODE2MTBfMF8z_b_B11a778e34390a21de42d407e94f45b91.mp4
   速度: 36360.71KB/s | 数据量: 182272.0KB | 总耗时: 5.26s | 证书: 有效
[2026-10-08 09:09:33] ✅ HTTPS测速成功: https://live.streamingfast.net/osmflivech1.m3u8
   速度: 548.83KB/s | 数据量: 0.5KB | 总耗时: 0.61s | 证书: 有效
[2026-10-08 09:09:33] ✅ HTTPS测速成功: https://lbs-us1.suprememastertv.com/720p.m3u8
   速度: 136.72KB/s | 数据量: 0.1KB | 总耗时: 0.09s | 证书: 有效
[2026-10-08 09:09:33] ✅ HTTPS测速成功: https://live.streamingfast.net/osmflivech2.m3u8
   速度: 548.83KB/s | 数据量: 0.5KB | 总耗时: 0.64s | 证书: 有效
[2026-10-08 09:09:33] ✅ HTTPS测速成功: https://raw.githubusercontent.com/ChiSheng9/iptv/master/TV78.m3u8
   速度: 62.50KB/s | 数据量: 0.1KB | 总耗时: 0.11s | 证书: 有效
[2026-10-08 09:09:33] ✅ HTTPS测速成功: https://d7x8z4yuq42qn.cloudfront.net/index_7.m3u8
   速度: 443.36KB/s | 数据量: 0.4KB | 总耗时: 0.30s | 证书: 有效
[2026-10-08 09:09:33] ✅ HTTPS测速成功: https://cdn-apse1-prod.tsv2.amagi.tv/linear/amg01076-lightningintern-petclub-samsungnz/playlist.m3u8
   速度: 2851.56KB/s | 数据量: 2.9KB | 总耗时: 0.87s | 证书: 有效
[2026-10-08 09:09:33] ✅ HTTPS测速成功: https://wildearth-plex.amagi.tv/masterR1080p.m3u8
   速度: 734.38KB/s | 数据量: 0.7KB | 总耗时: 0.34s | 证书: 有效
[2026-10-08 09:09:33] ✅ 通过阈值 HTTP测速: http://120.76.248.139/live/bfgd/4200000158.m3u8
   速度: 862.30KB/s | 数据量: 0.9KB | 总耗时: 0.43s | 阈值: 300KB/s
[2026-10-08 09:09:33] ✅ HTTPS测速成功: https://lightning-tracesport-samsungau.amagi.tv/playlist1080p.m3u8
   速度: 567.38KB/s | 数据量: 0.6KB | 总耗时: 0.51s | 证书: 有效
[2026-10-08 09:09:33] ✅ HTTPS测速成功: https://raw.githubusercontent.com/ChiSheng9/iptv/master/TV07.m3u8
   速度: 62.50KB/s | 数据量: 0.1KB | 总耗时: 0.15s | 证书: 有效
[2026-10-08 09:09:34] 🚫 未达阈值 HTTP测速: http://120.76.248.139/live/bfgd/4200000153.m3u8
   速度: 0.98KB/s | 数据量: 0.0KB | 总耗时: 0.56s | 阈值: 300KB/s
[2026-10-08 09:09:34] ✅ HTTPS测速成功: https://rt-arb.rttv.com/dvr/rtarab/playlist_4500Kb.m3u8
   速度: 22378.41KB/s | 数据量: 464.1KB | 总耗时: 0.55s | 证书: 有效
[2026-10-08 09:09:34] ✅ 通过阈值 HTTP测速: http://jsmov2.a.yximgs.com/bs3/video-hls/5232901391302199073_hlsb.m3u8
   速度: 58738.28KB/s | 数据量: 58.7KB | 总耗时: 0.45s | 阈值: 300KB/s
[2026-10-08 09:09:34] ✅ 通过阈值 HTTP测速: http://jsmov2.a.yximgs.com/bs3/video-hls/5250634317044855747_hlsb.m3u8
   速度: 304.82KB/s | 数据量: 61.4KB | 总耗时: 0.61s | 阈值: 300KB/s
[2026-10-08 09:09:34] ✅ HTTPS测速成功: https://rt-esp.rttv.com/dvr/rtesp/playlist_4500Kb.m3u8
   速度: 22370.44KB/s | 数据量: 464.1KB | 总耗时: 0.56s | 证书: 有效
[2026-10-08 09:09:34] ✅ HTTPS测速成功: https://rt-ger.rttv.com/dvr/rtdeutsch/playlist_4500Kb.m3u8
   速度: 9795.82KB/s | 数据量: 464.1KB | 总耗时: 0.59s | 证书: 有效
[2026-10-08 09:09:34] ✅ HTTPS测速成功: https://gcalic.v.myalicdn.com/gc/ztd_1/index.m3u8
   速度: 304.69KB/s | 数据量: 0.3KB | 总耗时: 0.59s | 证书: 有效
[2026-10-08 09:09:34] ✅ HTTPS测速成功: https://gcalic.v.myalicdn.com/gc/ztn_1/index.m3u8
   速度: 304.69KB/s | 数据量: 0.3KB | 总耗时: 0.59s | 证书: 有效
[2026-10-08 09:09:34] ✅ 通过阈值 HTTP测速: http://jsmov2.a.yximgs.com/bs3/video-hls/5216294367991385255_hlsb.m3u8
   速度: 334.75KB/s | 数据量: 67.6KB | 总耗时: 0.63s | 阈值: 300KB/s
[2026-10-08 09:09:34] ✅ 通过阈值 HTTP测速: http://120.76.248.139/live/bfgd/4200000249.m3u8
   速度: 859.38KB/s | 数据量: 0.9KB | 总耗时: 0.55s | 阈值: 300KB/s
[2026-10-08 09:09:35] ✅ HTTPS测速成功: https://rt-srb.rttv.com/dvr/rtbalkan/playlist_4500Kb.m3u8
   速度: 22740.20KB/s | 数据量: 464.1KB | 总耗时: 0.56s | 证书: 有效
[2026-10-08 09:09:35] ✅ HTTPS测速成功: https://rt-fra.rttv.com/dvr/rtfrance/playlist_4500Kb.m3u8
   速度: 22464.40KB/s | 数据量: 464.1KB | 总耗时: 0.55s | 证书: 有效
[2026-10-08 09:09:39] ✅ HTTPS测速成功: https://alimov2.a.kwimgs.com/upic/2022/01/31/15/BMjAyMjAxMzExNTU5MTRfNDAzMDAxOTlfNjYyNzMxNjcwMjBfMF8z_b_Beb3bda599f76c60c463c433ca7460153.mp4
   速度: 37137.84KB/s | 数据量: 186368.0KB | 总耗时: 5.25s | 证书: 有效
[2026-10-08 09:09:39] ✅ HTTPS测速成功: https://alimov2.a.kwimgs.com/upic/2022/01/31/15/BMjAyMjAxMzExNTU5NTRfNDAzMDAxOTlfNjYyNzMyMzg3MTRfMF8z_b_B192356dadbc90d207ba16964d4c2914c.mp4
   速度: 35837.01KB/s | 数据量: 179200.0KB | 总耗时: 5.23s | 证书: 有效
[2026-10-08 09:09:40] ✅ HTTPS测速成功: https://alimov2.a.kwimgs.com/upic/2022/01/31/16/BMjAyMjAxMzExNjAwMDFfNDAzMDAxOTlfNjYyNzMyNTAwMzJfMF8z_b_Be73c5abcbc0eeb2ec9fce6842e1362a4.mp4
   速度: 37179.21KB/s | 数据量: 186368.0KB | 总耗时: 5.24s | 证书: 有效
[2026-10-08 09:09:40] ✅ HTTPS测速成功: https://alimov2.a.kwimgs.com/upic/2022/01/31/16/BMjAyMjAxMzExNjAwMDRfNDAzMDAxOTlfNjYyNzMyNTU0OTRfMF8z_b_B24f7d19f1132fa5d7f502f8377ad5567.mp4
   速度: 37460.68KB/s | 数据量: 187392.0KB | 总耗时: 5.23s | 证书: 有效
[2026-10-08 09:09:40] ✅ HTTPS测速成功: https://alimov2.a.kwimgs.com/upic/2022/01/31/16/BMjAyMjAxMzExNjAwMTJfNDAzMDAxOTlfNjYyNzMyNjkxNjBfMF8z_b_B8c835b83a92d25bde81ba22c5cd9521e.mp4
   速度: 37268.38KB/s | 数据量: 186368.0KB | 总耗时: 5.23s | 证书: 有效
[2026-10-08 09:09:40] ✅ HTTPS测速成功: https://alimov2.a.kwimgs.com/upic/2022/01/31/16/BMjAyMjAxMzExNjAwMDhfNDAzMDAxOTlfNjYyNzMyNjMyMDNfMF8z_b_B570493ed8f7200d4013a66b2d21b2de9.mp4
   速度: 36340.95KB/s | 数据量: 182272.0KB | 总耗时: 5.25s | 证书: 有效
[2026-10-08 09:09:40] ✅ HTTPS测速成功: https://alimov2.a.kwimgs.com/upic/2022/01/31/16/BMjAyMjAxMzExNjI2MTVfNDAzMDAxOTlfNjYyNzYwNjUxNjVfMF8z_b_B8feb7b85888678d71bf37a259c6850f6.mp4
   速度: 34965.76KB/s | 数据量: 175104.0KB | 总耗时: 5.24s | 证书: 有效
[2026-10-08 09:09:40] ✅ HTTPS测速成功: https://alimov2.a.kwimgs.com/upic/2022/01/31/16/BMjAyMjAxMzExNjAwMTVfNDAzMDAxOTlfNjYyNzMyNzQ2OTlfMF8z_b_Be477b27b9ce655d2372df56a5a3d96ef.mp4
   速度: 36372.58KB/s | 数据量: 183296.0KB | 总耗时: 5.27s | 证书: 有效
[2026-10-08 09:09:40] ✅ HTTPS测速成功: https://res.cctvnews.cctv.com/video/3005/record/cctv/merge1/133396667284143308839013005/8fbd6180bdef4da19f6155cf6b4652e1-4.m3u8
   速度: 1393.28KB/s | 数据量: 105.1KB | 总耗时: 0.28s | 证书: 有效
[2026-10-08 09:09:40] ✅ HTTPS测速成功: https://alimov2.a.kwimgs.com/upic/2023/01/13/20/BMjAyMzAxMTMyMDA5MjJfNDAzMDAxOTlfOTM0OTkwNDQxNTRfMF8z_b_B0b5e52bc003285ef66ec0cbb2be08556.mp4
   速度: 36576.09KB/s | 数据量: 183296.0KB | 总耗时: 5.41s | 证书: 有效
[2026-10-08 09:09:41] ✅ HTTPS测速成功: https://alimov2.a.kwimgs.com/upic/2023/01/13/20/BMjAyMzAxMTMyMDA5MjJfNDAzMDAxOTlfOTM0OTkwNDQzNTNfMF8z_b_Bd7346962e61bd7b84e11a1fa6e4616f9.mp4
   速度: 36202.51KB/s | 数据量: 182272.0KB | 总耗时: 5.42s | 证书: 有效
[2026-10-08 09:09:41] ✅ HTTPS测速成功: https://gcalic.v.myalicdn.com/gc/dhyyqsm_1/index.m3u8
   速度: 324.22KB/s | 数据量: 0.3KB | 总耗时: 0.60s | 证书: 有效
[2026-10-08 09:09:41] ✅ 通过阈值 HTTP测速: http://120.76.248.139/live/bfgd/4200000147.m3u8
   速度: 862.30KB/s | 数据量: 0.9KB | 总耗时: 0.53s | 阈值: 300KB/s
[2026-10-08 09:09:41] 🚫 未达阈值 HTTP测速: http://utv1.hqtvzb.com:9999/hls/world.m3u8
   速度: 257.81KB/s | 数据量: 0.3KB | 总耗时: 0.65s | 阈值: 300KB/s
[2026-10-08 09:09:41] ✅ HTTPS测速成功: https://gcalic.v.myalicdn.com/gc/hlwxt_1/index.m3u8
   速度: 314.45KB/s | 数据量: 0.3KB | 总耗时: 0.60s | 证书: 有效
[2026-10-08 09:09:41] 🚫 未达阈值 HTTP测速: http://120.76.248.139/live/bfgd/4200000149.m3u8
   速度: 0.98KB/s | 数据量: 0.0KB | 总耗时: 0.56s | 阈值: 300KB/s
[2026-10-08 09:09:42] ✅ 通过阈值 HTTP测速: http://ottproxy2.ist.ooo/livehls/MOB-U1-NO/03.m3u8
   速度: 328.12KB/s | 数据量: 0.3KB | 总耗时: 0.57s | 阈值: 300KB/s
[2026-10-08 09:09:42] ✅ HTTPS测速成功: https://gcalic.v.myalicdn.com/gc/wgw05_1/index.m3u8?contentid=2820180516001
   速度: 326.17KB/s | 数据量: 0.3KB | 总耗时: 0.56s | 证书: 有效
[2026-10-08 09:09:42] 🚫 未达阈值 HTTP测速: http://120.76.248.139/live/bfgd/4200000146.m3u8
   速度: 0.98KB/s | 数据量: 0.0KB | 总耗时: 0.57s | 阈值: 300KB/s
[2026-10-08 09:09:42] ✅ HTTPS测速成功: https://gcalic.v.myalicdn.com/gc/mdjxxdsb_1/index.m3u8
   速度: 329.10KB/s | 数据量: 0.3KB | 总耗时: 0.58s | 证书: 有效
[2026-10-08 09:09:43] ✅ HTTPS测速成功: https://gcalic.v.myalicdn.com/gc/mdjxxmhjyxj_1/index.m3u8
   速度: 343.75KB/s | 数据量: 0.3KB | 总耗时: 0.57s | 证书: 有效
[2026-10-08 09:09:43] ✅ HTTPS测速成功: https://gcalic.v.myalicdn.com/gc/wgw01_1/index.m3u8
   速度: 314.45KB/s | 数据量: 0.3KB | 总耗时: 0.60s | 证书: 有效
[2026-10-08 09:09:43] ✅ HTTPS测速成功: https://gcalic.v.myalicdn.com/gc/hgsspzxdpb_1/index.m3u8
   速度: 338.87KB/s | 数据量: 0.3KB | 总耗时: 0.64s | 证书: 有效
[2026-10-08 09:09:43] ✅ HTTPS测速成功: https://gcalic.v.myalicdn.com/gc/wgw03_1/index.m3u8
   速度: 320.31KB/s | 数据量: 0.3KB | 总耗时: 0.56s | 证书: 有效
[2026-10-08 09:09:44] ✅ 通过阈值 HTTP测速: http://tvcdn.stream3.hndt.com/tv/65bb6966017e100059b75a8500000000_transios/playlist.m3u8?wsSecret=1c355dfe6e7114faae8386e66588b543&wsTime=1791435803
   速度: 349.61KB/s | 数据量: 0.3KB | 总耗时: 1.37s | 阈值: 300KB/s
[2026-10-08 09:09:44] ✅ 通过阈值 HTTP测速: http://tvcdn.stream3.hndt.com/tv/65c3fbc5017e1000fde13faa00000000_transios/playlist.m3u8?wsSecret=9cdd959ecb465d8784cfb92eb5f041f7&wsTime=1791435803
   速度: 349.61KB/s | 数据量: 0.3KB | 总耗时: 1.36s | 阈值: 300KB/s
[2026-10-08 09:09:44] ✅ 通过阈值 HTTP测速: http://tvcdn.stream3.hndt.com/tv/65bef28a017e10009c49d5f900000000_transios/playlist.m3u8?wsSecret=10e2d8f4c65d0001d3f7af93f99268da&wsTime=1791435803
   速度: 348.63KB/s | 数据量: 0.3KB | 总耗时: 1.08s | 阈值: 300KB/s
[2026-10-08 09:09:45] ✅ 通过阈值 HTTP测速: http://tvcdn.stream3.hndt.com/tv/65c4a6d5017e1000b2b6ea2500000000_transios/playlist.m3u8?wsSecret=12f4984a094d1d8a3fd2d5a1f9f429e0&wsTime=1791435803
   速度: 349.61KB/s | 数据量: 0.3KB | 总耗时: 2.12s | 阈值: 300KB/s
[2026-10-08 09:09:45] ✅ HTTPS测速成功: https://alimov2.a.kwimgs.com/upic/2023/01/13/20/BMjAyMzAxMTMyMDA5MjJfNDAzMDAxOTlfOTM0OTkwNDQ2MTZfMF8z_b_B4851f43f5a2bc2871a9b0ec87294a6e7.mp4
   速度: 37451.81KB/s | 数据量: 187392.0KB | 总耗时: 5.24s | 证书: 有效
[2026-10-08 09:09:45] ✅ HTTPS测速成功: https://alimov2.a.kwimgs.com/upic/2023/01/16/11/BMjAyMzAxMTYxMTA3MjFfNDAzMDAxOTlfOTM3MjcyMjA3ODhfMF8z_b_B8214200efc869dc6fcf99dad619fa4c1.mp4
   速度: 36271.72KB/s | 数据量: 182272.0KB | 总耗时: 5.26s | 证书: 有效
[2026-10-08 09:09:45] ✅ 通过阈值 HTTP测速: http://tvcdn.stream3.hndt.com/tv/65b8302b017e100019dc540f00000000_transios/playlist.m3u8?wsSecret=f4f48f6bd6b7f0eb94dea484517fa6c1&wsTime=1791435803
   速度: 347.66KB/s | 数据量: 0.3KB | 总耗时: 0.58s | 阈值: 300KB/s
[2026-10-08 09:09:45] ✅ HTTPS测速成功: https://alimov2.a.kwimgs.com/upic/2022/01/30/17/BMjAyMjAxMzAxNzA5NDdfNDAzMDAxOTlfNjYxNzQ2MDAyMTFfMF8z_b_B5d51d9564c5670dc66faeba20aa7af3f.mp4
   速度: 36403.57KB/s | 数据量: 182272.0KB | 总耗时: 5.23s | 证书: 有效
[2026-10-08 09:09:45] ✅ HTTPS测速成功: https://alimov2.a.kwimgs.com/upic/2023/01/13/20/BMjAyMzAxMTMyMDA5MjJfNDAzMDAxOTlfOTM0OTkwNDQ2NDhfMF8z_b_B6527b0c2ce3dda1d9b3f34edd4fdb9aa.mp4
   速度: 36192.95KB/s | 数据量: 182272.0KB | 总耗时: 5.27s | 证书: 有效
[2026-10-08 09:09:45] ✅ HTTPS测速成功: https://alimov2.a.kwimgs.com/upic/2022/01/30/17/BMjAyMjAxMzAxNzE4NTJfNDAzMDAxOTlfNjYxNzUzOTg3NjlfMF8z_b_Be41d9503181d7b0608a839ed401e02c2.mp4
   速度: 36841.38KB/s | 数据量: 184320.0KB | 总耗时: 5.24s | 证书: 有效
[2026-10-08 09:09:45] ✅ HTTPS测速成功: https://alimov2.a.kwimgs.com/upic/2022/02/01/11/BMjAyMjAyMDExMTEwMjNfNDAzMDAxOTlfNjYzNzA4MTk4NzNfMF8z_b_B898cc7ddd0025bf54ddb18ec1f723c84.mp4
   速度: 35614.88KB/s | 数据量: 178176.0KB | 总耗时: 5.24s | 证书: 有效
[2026-10-08 09:09:45] ✅ 通过阈值 HTTP测速: http://tvcdn.stream3.hndt.com/tv/65be54a9017e1000af59fb4800000000_transios/playlist.m3u8?wsSecret=3f3ab4a964ff20cf8b9a1ee531b01cee&wsTime=1791435803
   速度: 349.61KB/s | 数据量: 0.3KB | 总耗时: 1.08s | 阈值: 300KB/s
[2026-10-08 09:09:45] ✅ 通过阈值 HTTP测速: http://tvcdn.stream3.hndt.com/tv/65b93894017e10000ae6b07d00000000_transios/playlist.m3u8?wsSecret=b229bd101f1f53275e65755f60987d4b&wsTime=1791435803
   速度: 349.61KB/s | 数据量: 0.3KB | 总耗时: 1.08s | 阈值: 300KB/s
[2026-10-08 09:09:46] 🚫 未达阈值 HTTP测速: http://173.208.212.130:8181/720p/cctv1.m3u8
   速度: 208.98KB/s | 数据量: 0.2KB | 总耗时: 0.20s | 阈值: 300KB/s
[2026-10-08 09:09:46] 🚫 未达阈值 HTTP测速: http://198.204.228.26/live/cctv1hd.m3u8
   速度: 208.98KB/s | 数据量: 0.2KB | 总耗时: 0.20s | 阈值: 300KB/s
[2026-10-08 09:09:46] ✅ 通过阈值 HTTP测速: http://tvcdn.stream3.hndt.com/tv/65bd329b017e1000648cd2ed00000000_transios/playlist.m3u8?wsSecret=c3005887da72a0e87613f16a34e1b665&wsTime=1791435803
   速度: 348.63KB/s | 数据量: 0.3KB | 总耗时: 1.08s | 阈值: 300KB/s
[2026-10-08 09:09:46] 🚫 未达阈值 HTTP测速: http://173.208.212.130:8181/1080p/cctv2.m3u8
   速度: 205.08KB/s | 数据量: 0.2KB | 总耗时: 0.20s | 阈值: 300KB/s
[2026-10-08 09:09:46] 🚫 未达阈值 HTTP测速: http://204.12.221.218:8181/3m1080p/cctv1.m3u8
   速度: 163.09KB/s | 数据量: 0.2KB | 总耗时: 0.62s | 阈值: 300KB/s
[2026-10-08 09:09:46] ✅ 通过阈值 HTTP测速: http://tvcdn.stream3.hndt.com/tv/647f9277018410008cf925e200000000_transios/playlist.m3u8?wsSecret=07f86e7a7053743487c4f057b721a2a6&wsTime=1791435803
   速度: 348.63KB/s | 数据量: 0.3KB | 总耗时: 1.08s | 阈值: 300KB/s
[2026-10-08 09:09:46] ✅ 通过阈值 HTTP测速: http://tvcdn.stream3.hndt.com/tv/65ba653b017e1000d4ee41c700000000_transios/playlist.m3u8?wsSecret=abf39bac62ae1b455b6a888be58f0662&wsTime=1791435803
   速度: 348.63KB/s | 数据量: 0.3KB | 总耗时: 1.08s | 阈值: 300KB/s
[2026-10-08 09:09:46] 🚫 未达阈值 HTTP测速: http://219.147.245.238:25480/newlive/live/hls/1/live.m3u8
   速度: 232.42KB/s | 数据量: 0.2KB | 总耗时: 0.96s | 阈值: 300KB/s
[2026-10-08 09:09:46] 🚫 未达阈值 HTTP测速: http://107.150.60.122/live/cctv4hd.m3u8
   速度: 205.08KB/s | 数据量: 0.2KB | 总耗时: 0.20s | 阈值: 300KB/s
[2026-10-08 09:09:46] 🚫 未达阈值 HTTP测速: http://173.208.212.130:8181/720p/cctv4.m3u8
   速度: 199.22KB/s | 数据量: 0.2KB | 总耗时: 0.21s | 阈值: 300KB/s
[2026-10-08 09:09:46] 🚫 未达阈值 HTTP测速: http://173.208.234.146/live/cctv5p.m3u8
   速度: 178.71KB/s | 数据量: 0.2KB | 总耗时: 0.20s | 阈值: 300KB/s
[2026-10-08 09:09:46] ✅ HTTPS测速成功: https://dxtx.hntv.tv/live/jczy.m3u8?txSecret=e785008e49564e5e738439b4dd2ae68e&txTime=7C4C6207&wsSecret=66d41ec03de9d645eed557cf6508bc8f&wsTime=1791435803
   速度: 280.27KB/s | 数据量: 0.3KB | 总耗时: 0.83s | 证书: 有效
[2026-10-08 09:09:46] 🚫 未达阈值 HTTP测速: http://120.40.39.246:352/newlive/live/hls/1/live.m3u8
   速度: 232.42KB/s | 数据量: 0.2KB | 总耗时: 1.31s | 阈值: 300KB/s
[2026-10-08 09:09:46] 🚫 未达阈值 HTTP测速: http://58.56.162.102:4466/newlive/live/hls/2/live.m3u8
   速度: 232.42KB/s | 数据量: 0.2KB | 总耗时: 0.43s | 阈值: 300KB/s
[2026-10-08 09:09:46] 🚫 未达阈值 HTTP测速: http://173.208.212.130:8181/1080p/cctv6.m3u8
   速度: 201.17KB/s | 数据量: 0.2KB | 总耗时: 0.19s | 阈值: 300KB/s
[2026-10-08 09:09:46] 🚫 未达阈值 HTTP测速: http://173.208.212.130:8181/720p/cctv6.m3u8
   速度: 201.17KB/s | 数据量: 0.2KB | 总耗时: 0.20s | 阈值: 300KB/s
[2026-10-08 09:09:47] 🚫 未达阈值 HTTP测速: http://192.151.150.154/live/cctv2hd.m3u8
   速度: 163.09KB/s | 数据量: 0.2KB | 总耗时: 0.64s | 阈值: 300KB/s
[2026-10-08 09:09:47] 🚫 未达阈值 HTTP测速: http://74.91.26.218:82/live/cctv6hd.m3u8
   速度: 201.17KB/s | 数据量: 0.2KB | 总耗时: 0.20s | 阈值: 300KB/s
[2026-10-08 09:09:47] ✅ HTTPS测速成功: https://dxtx.hntv.tv/live/wwbk.m3u8?txSecret=317b89626134fd6bea6e129455b5ff18&txTime=7C4C635C&wsSecret=d8284c9c8229d5aaccbe428e14499af1&wsTime=1791435803
   速度: 280.27KB/s | 数据量: 0.3KB | 总耗时: 1.01s | 证书: 有效
[2026-10-08 09:09:47] ✅ HTTPS测速成功: https://dxtx.hntv.tv/live/wssj.m3u8?txSecret=c38b4d31ba4c45c6babb5c47132123e3&txTime=7ABB976A&wsSecret=357cd27d7b482f44245b78db0c7a386d&wsTime=1791435803
   速度: 280.27KB/s | 数据量: 0.3KB | 总耗时: 1.08s | 证书: 有效
[2026-10-08 09:09:47] 🚫 未达阈值 HTTP测速: http://74.91.26.218:82/live/cctv7hd.m3u8
   速度: 205.08KB/s | 数据量: 0.2KB | 总耗时: 0.20s | 阈值: 300KB/s
[2026-10-08 09:09:47] 🚫 未达阈值 HTTP测速: http://74.91.26.218:82/live/cctv8hd.m3u8
   速度: 208.98KB/s | 数据量: 0.2KB | 总耗时: 0.20s | 阈值: 300KB/s
[2026-10-08 09:09:47] 🚫 未达阈值 HTTP测速: http://38.75.136.137:98/gslb/dsdqbv/cctv12hd.m3u8?auth=test20251009
   速度: 208.01KB/s | 数据量: 0.2KB | 总耗时: 0.12s | 阈值: 300KB/s
[2026-10-08 09:09:47] 🚫 未达阈值 HTTP测速: http://192.151.150.154/live/cctv9hd.m3u8
   速度: 208.98KB/s | 数据量: 0.2KB | 总耗时: 0.20s | 阈值: 300KB/s
[2026-10-08 09:09:47] 🚫 未达阈值 HTTP测速: http://74.91.26.218:82/live/cctv9hd.m3u8
   速度: 208.98KB/s | 数据量: 0.2KB | 总耗时: 0.20s | 阈值: 300KB/s
[2026-10-08 09:09:47] 🚫 未达阈值 HTTP测速: http://63.141.230.178:82/gslb/zbdq5.m3u8?id=cctv7hd
   速度: 205.08KB/s | 数据量: 0.2KB | 总耗时: 0.30s | 阈值: 300KB/s
[2026-10-08 09:09:47] 🚫 未达阈值 HTTP测速: http://219.147.245.238:25480/newlive/live/hls/3/live.m3u8
   速度: 232.42KB/s | 数据量: 0.2KB | 总耗时: 0.96s | 阈值: 300KB/s
[2026-10-08 09:09:47] 🚫 未达阈值 HTTP测速: http://198.204.228.26/live/cctv6hd.m3u8
   速度: 164.06KB/s | 数据量: 0.2KB | 总耗时: 0.89s | 阈值: 300KB/s
[2026-10-08 09:09:47] 🚫 未达阈值 HTTP测速: http://74.91.26.218:82/live/cctv14hd.m3u8
   速度: 211.91KB/s | 数据量: 0.2KB | 总耗时: 0.20s | 阈值: 300KB/s
[2026-10-08 09:09:47] 🚫 未达阈值 HTTP测速: http://173.208.212.130:8181/1080p/cctv14.m3u8
   速度: 211.91KB/s | 数据量: 0.2KB | 总耗时: 0.20s | 阈值: 300KB/s
[2026-10-08 09:09:47] 🚫 未达阈值 HTTP测速: http://74.91.26.218:82/live/cctv15hd.m3u8
   速度: 211.91KB/s | 数据量: 0.2KB | 总耗时: 0.20s | 阈值: 300KB/s
[2026-10-08 09:09:47] 🚫 未达阈值 HTTP测速: http://204.12.221.218:8181/3m1080p/cctv14.m3u8
   速度: 163.09KB/s | 数据量: 0.2KB | 总耗时: 0.66s | 阈值: 300KB/s
[2026-10-08 09:09:48] 🚫 未达阈值 HTTP测速: http://38.75.136.137:98/gslb/dsdqbv/cctv14hd.m3u8?auth=test20251009
   速度: 163.09KB/s | 数据量: 0.2KB | 总耗时: 0.79s | 阈值: 300KB/s
[2026-10-08 09:09:48] 🚫 未达阈值 HTTP测速: http://207.56.13.146:81/cdnlive/cctv7.m3u8
   速度: 164.06KB/s | 数据量: 0.2KB | 总耗时: 1.12s | 阈值: 300KB/s
[2026-10-08 09:09:48] 🚫 未达阈值 HTTP测速: http://bztv.tvbus.cc:8081/cdnlive/cctv8.m3u8
   速度: 163.09KB/s | 数据量: 0.2KB | 总耗时: 1.04s | 阈值: 300KB/s
[2026-10-08 09:09:48] 🚫 未达阈值 HTTP测速: http://198.204.228.26/live/cctv14hd.m3u8
   速度: 163.09KB/s | 数据量: 0.2KB | 总耗时: 0.86s | 阈值: 300KB/s
[2026-10-08 09:09:48] 🚫 未达阈值 HTTP测速: http://120.40.39.246:352/newlive/live/hls/14/live.m3u8
   速度: 232.42KB/s | 数据量: 0.2KB | 总耗时: 0.96s | 阈值: 300KB/s
[2026-10-08 09:09:48] ✅ 通过阈值 HTTP测速: http://120.238.94.82:9901/tsfile/live/1030_1.m3u8
   速度: 422.85KB/s | 数据量: 0.4KB | 总耗时: 0.47s | 阈值: 300KB/s
[2026-10-08 09:09:48] ✅ HTTPS测速成功: https://event.pull.hebtv.com/jishi/cp1.m3u8
   速度: 319.34KB/s | 数据量: 0.3KB | 总耗时: 0.79s | 证书: 有效
[2026-10-08 09:09:48] ✅ 通过阈值 HTTP测速: http://hlsztemgsplive.miguvideo.com:8080/wd_r2/2018/ocn/cctv3hd/1000/index.m3u8?msisdn=202610072201087db20b282bb943128bdd97e852830d27&mdspid=&spid=699004&netType=0&sid=5500212864&pid=2028597139&timestamp=20261007220108&Channel_ID=0116_2600000900-99000-201600010010027&ProgramID=624878271&ParentNodeID=-99&assertID=5500212864&client_ip=171.8.79.254&SecurityKey=20261007220108&promotionId=&mvid=5100001683&mcid=500020&playurlVersion=WX-A1-9.9.2-SNAPSHOT&userid=&jmhm=&videocodec=h264&appCode=miguvideo_android&bean=mgspad&tid=android&conFee=0&encrypt=7026a77d600708fa5436753f91d6f295
   速度: 7312.50KB/s | 数据量: 7.3KB | 总耗时: 0.10s | 阈值: 300KB/s
[2026-10-08 09:09:48] ✅ 通过阈值 HTTP测速: http://hlsztemgsplive.miguvideo.com:8080/migu/kailu/20200324/cctv12hd/50/index.m3u8?msisdn=202610072202581beddf7f468a4764875dc60b607f8c22&mdspid=&spid=699004&netType=0&sid=5501083627&pid=2028597139&timestamp=20261007220258&Channel_ID=0116_2600000900-99000-201600010010027&ProgramID=673168185&ParentNodeID=-99&assertID=5501083627&client_ip=171.8.79.254&SecurityKey=20261007220258&promotionId=&mvid=5102910389&mcid=500020&playurlVersion=WX-A1-9.9.2-SNAPSHOT&userid=&jmhm=&videocodec=h264&appCode=miguvideo_android&bean=mgspad&tid=android&conFee=0&encrypt=852828e8a1707b7b0c6213cb7117d27d
   速度: 7312.50KB/s | 数据量: 7.3KB | 总耗时: 0.39s | 阈值: 300KB/s
[2026-10-08 09:09:48] ✅ 通过阈值 HTTP测速: http://hlsztemgsplive.miguvideo.com:8080/wd_r2/2018/ocn/cctv10hd/1000/index.m3u8?msisdn=20261007220132248e1daa2c724704bf59fd2d92db08d6&mdspid=&spid=699004&netType=0&sid=5500212874&pid=2028597139&timestamp=20261007220132&Channel_ID=0116_2600000900-99000-201600010010027&ProgramID=624878405&ParentNodeID=-99&assertID=5500212874&client_ip=171.8.79.254&SecurityKey=20261007220132&promotionId=&mvid=5100001696&mcid=500020&playurlVersion=WX-A1-9.9.2-SNAPSHOT&userid=&jmhm=&videocodec=h264&appCode=miguvideo_android&bean=mgspad&tid=android&conFee=0&encrypt=577a675e26b83d761f233b4e5a70672f
   速度: 7162.74KB/s | 数据量: 7.3KB | 总耗时: 0.44s | 阈值: 300KB/s
[2026-10-08 09:09:48] ✅ 通过阈值 HTTP测速: http://hlsztemgsplive.miguvideo.com:8080/wd_r2/cctv/cctv2hd/600/index.m3u8?msisdn=2026100722010424270d1918fe4ff5a35228131f6d0ca6&mdspid=&spid=699004&netType=0&sid=5500346945&pid=2028597139&timestamp=20261007220104&Channel_ID=0116_2600000900-99000-201600010010027&ProgramID=631780532&ParentNodeID=-99&assertID=5500346945&client_ip=171.8.79.254&SecurityKey=20261007220104&promotionId=&mvid=5101064231&mcid=500020&playurlVersion=WX-A1-9.9.2-SNAPSHOT&userid=&jmhm=&videocodec=h264&appCode=miguvideo_android&bean=mgspad&tid=android&conFee=0&encrypt=203ab4f013b77cd0d66c30322749ed83
   速度: 7312.50KB/s | 数据量: 7.3KB | 总耗时: 0.12s | 阈值: 300KB/s
[2026-10-08 09:09:48] ✅ 通过阈值 HTTP测速: http://hlsztemgsplive.miguvideo.com:8080/migu/kailu/cctv11hd/50/20200103/index.m3u8?msisdn=2026100722025873ea4bc96a1f4d48acc3ecddb0317b9f&mdspid=&spid=699004&netType=0&sid=5500988610&pid=2028597139&timestamp=20261007220258&Channel_ID=0116_2600000900-99000-201600010010027&ProgramID=667987558&ParentNodeID=-99&assertID=5500988610&client_ip=171.8.79.254&SecurityKey=20261007220258&promotionId=&mvid=5102751362&mcid=500020&playurlVersion=WX-A1-9.9.2-SNAPSHOT&userid=&jmhm=&videocodec=h264&appCode=miguvideo_android&bean=mgspad&tid=android&conFee=0&encrypt=5e404433ed371c4147f7bf19b4ca8cd6
   速度: 7312.50KB/s | 数据量: 7.3KB | 总耗时: 0.42s | 阈值: 300KB/s
[2026-10-08 09:09:48] ✅ 通过阈值 HTTP测速: http://hlsztemgsplive.miguvideo.com:8080/wd_r2/2018/ocn/cctv8hd/1000/index.m3u8?msisdn=20261007220258fd11dc0ae34b4508bd9b837d6335ebeb&mdspid=&spid=699004&netType=0&sid=5500212868&pid=2028597139&timestamp=20261007220258&Channel_ID=0116_2600000900-99000-201600010010027&ProgramID=624878356&ParentNodeID=-99&assertID=5500212868&client_ip=171.8.79.254&SecurityKey=20261007220258&promotionId=&mvid=5100001695&mcid=500020&playurlVersion=WX-A1-9.9.2-SNAPSHOT&userid=&jmhm=&videocodec=h264&appCode=miguvideo_android&bean=mgspad&tid=android&conFee=0&encrypt=ecb28e2605dc43b4cd31353271f4112f
   速度: 7312.50KB/s | 数据量: 7.3KB | 总耗时: 0.35s | 阈值: 300KB/s
[2026-10-08 09:09:48] ✅ 通过阈值 HTTP测速: http://hlsztemgsplive.miguvideo.com:8080/wd_r2/cctv/cctv4hd/600/index.m3u8?msisdn=20261007220111b0fec6009e4a45a789e6e395a154dde2&mdspid=&spid=699004&netType=0&sid=5500346947&pid=2028597139&timestamp=20261007220111&Channel_ID=0116_2600000900-99000-201600010010027&ProgramID=631780421&ParentNodeID=-99&assertID=5500346947&client_ip=171.8.79.254&SecurityKey=20261007220111&promotionId=&mvid=5101064235&mcid=500020&playurlVersion=WX-A1-9.9.2-SNAPSHOT&userid=&jmhm=&videocodec=h264&appCode=miguvideo_android&bean=mgspad&tid=android&conFee=0&encrypt=a4f8ab157f365e2638645d0f66a1916d
   速度: 7312.50KB/s | 数据量: 7.3KB | 总耗时: 0.34s | 阈值: 300KB/s
[2026-10-08 09:09:48] ✅ HTTPS测速成功: https://event.pull.hebtv.com/jishi/cp2.m3u8
   速度: 319.34KB/s | 数据量: 0.3KB | 总耗时: 0.83s | 证书: 有效
[2026-10-08 09:09:48] ✅ 通过阈值 HTTP测速: http://hlsztemgsplive.miguvideo.com:8080/migu/kailu/20200324/cctv9hd/50/index.m3u8?msisdn=2026100722012910a91764e1114022af351e5e6a03dfce&mdspid=&spid=699004&netType=0&sid=5501083624&pid=2028597139&timestamp=20261007220129&Channel_ID=0116_2600000900-99000-201600010010027&ProgramID=673168140&ParentNodeID=-99&assertID=5501083624&client_ip=171.8.79.254&SecurityKey=20261007220129&promotionId=&mvid=5102910384&mcid=500020&playurlVersion=WX-A1-9.9.2-SNAPSHOT&userid=&jmhm=&videocodec=h264&appCode=miguvideo_android&bean=mgspad&tid=android&conFee=0&encrypt=340ddc0e73b10f5b972932110f8ca250
   速度: 7312.50KB/s | 数据量: 7.3KB | 总耗时: 0.04s | 阈值: 300KB/s
[2026-10-08 09:09:48] ✅ 通过阈值 HTTP测速: http://hlsztemgsplive.miguvideo.com:8080/wd_r2/2018/ocn/cctv6hd/1000/index.m3u8?msisdn=20261007220258c16338ab96004e729a821a59ae6daf44&mdspid=&spid=699004&netType=0&sid=5500212872&pid=2028597139&timestamp=20261007220258&Channel_ID=0116_2600000900-99000-201600010010027&ProgramID=624878396&ParentNodeID=-99&assertID=5500212872&client_ip=171.8.79.254&SecurityKey=20261007220258&promotionId=&mvid=5100001694&mcid=500020&playurlVersion=WX-A1-9.9.2-SNAPSHOT&userid=&jmhm=&videocodec=h264&appCode=miguvideo_android&bean=mgspad&tid=android&conFee=0&encrypt=13d232c778eda4265747bc426c8fbea1
   速度: 7312.50KB/s | 数据量: 7.3KB | 总耗时: 0.04s | 阈值: 300KB/s
[2026-10-08 09:09:48] ✅ 通过阈值 HTTP测速: http://hlsztemgsplive.miguvideo.com:8080/migu/kailu/20200324/cctv4meihd/50/index.m3u8?msisdn=20261007220259c731c779c741466fbfe6c7f1c8ab0f7e&mdspid=&spid=699004&netType=0&sid=2200179344&pid=2028597139&timestamp=20261007220259&Channel_ID=0116_2600000900-99000-201600010010027&ProgramID=608807416&ParentNodeID=-99&assertID=2200179344&client_ip=171.8.79.254&SecurityKey=20261007220259&promotionId=&mvid=2200179344&mcid=500020&playurlVersion=WX-A1-9.9.2-SNAPSHOT&userid=&jmhm=&videocodec=h264&appCode=miguvideo_android&bean=mgspad&tid=android&conFee=0&encrypt=89a277c2ee47444df682e6ec00ef4995
   速度: 7312.50KB/s | 数据量: 7.3KB | 总耗时: 0.04s | 阈值: 300KB/s
[2026-10-08 09:09:48] ✅ 通过阈值 HTTP测速: http://hlsztemgsplive.miguvideo.com:8080/migu/kailu/20200324/cctv4ouhd/50/index.m3u8?msisdn=2026100722025993d504a4b9a54744b419294b352df35a&mdspid=&spid=699004&netType=0&sid=2200179315&pid=2028597139&timestamp=20261007220259&Channel_ID=0116_2600000900-99000-201600010010027&ProgramID=608807419&ParentNodeID=-99&assertID=2200179315&client_ip=171.8.79.254&SecurityKey=20261007220259&promotionId=&mvid=2200179315&mcid=500020&playurlVersion=WX-A1-9.9.2-SNAPSHOT&userid=&jmhm=&videocodec=h264&appCode=miguvideo_android&bean=mgspad&tid=android&conFee=0&encrypt=3698ae853f6458186324f708e2d8a3f3
   速度: 7312.50KB/s | 数据量: 7.3KB | 总耗时: 0.05s | 阈值: 300KB/s
[2026-10-08 09:09:48] ✅ 通过阈值 HTTP测速: http://hlsztemgsplive.miguvideo.com:8080/envivo_x/2018/SD/cctv13/1000/index.m3u8?msisdn=20261007220125bc41207abff745dabd82f38a72a498a9&mdspid=&spid=699004&netType=0&sid=2202208864&pid=2028597139&timestamp=20261007220125&Channel_ID=0116_2600000900-99000-201600010010027&ProgramID=608807423&ParentNodeID=-99&assertID=2202208864&client_ip=171.8.79.254&SecurityKey=20261007220125&promotionId=&mvid=2202208864&mcid=500020&playurlVersion=WX-A1-9.9.2-SNAPSHOT&userid=&jmhm=&videocodec=h264&appCode=miguvideo_android&bean=mgspad&tid=android&conFee=0&encrypt=2a82b695c855b2d08d1b8bfc54d4d614
   速度: 7312.50KB/s | 数据量: 7.3KB | 总耗时: 0.05s | 阈值: 300KB/s
[2026-10-08 09:09:48] ✅ 通过阈值 HTTP测速: http://hlsztemgsplive.miguvideo.com:8080/wd_r2/cctv/cctv1hd/600/index.m3u8?msisdn=20261007220258e8fb9ae0990f41f59c9dc3f79118b7f6&mdspid=&spid=699004&netType=0&sid=2201057821&pid=2028597139&timestamp=20261007220258&Channel_ID=0116_2600000900-99000-201600010010027&ProgramID=608807420&ParentNodeID=-99&assertID=2201057821&client_ip=171.8.79.254&SecurityKey=20261007220258&promotionId=&mvid=2201057821&mcid=500020&playurlVersion=WX-A1-9.9.2-SNAPSHOT&userid=&jmhm=&videocodec=h264&appCode=miguvideo_android&bean=mgspad&tid=android&conFee=0&encrypt=0ee14c9a800195b667c219e61df014fd
   速度: 7312.50KB/s | 数据量: 7.3KB | 总耗时: 0.06s | 阈值: 300KB/s
[2026-10-08 09:09:48] ✅ 通过阈值 HTTP测速: http://hlsztemgsplive.miguvideo.com:8080/migu/kailu/20200324/cctv15hd/50/index.m3u8?msisdn=202610072202594ff2081eb3ec4409b7951c4c4fbe95ae&mdspid=&spid=699004&netType=0&sid=5501083628&pid=2028597139&timestamp=20261007220259&Channel_ID=0116_2600000900-99000-201600010010027&ProgramID=673168223&ParentNodeID=-99&assertID=5501083628&client_ip=171.8.79.254&SecurityKey=20261007220259&promotionId=&mvid=5102910391&mcid=500020&playurlVersion=WX-A1-9.9.2-SNAPSHOT&userid=&jmhm=&videocodec=h264&appCode=miguvideo_android&bean=mgspad&tid=android&conFee=0&encrypt=502b33a0e91d84eb6720f3408bc89cae
   速度: 7312.50KB/s | 数据量: 7.3KB | 总耗时: 0.06s | 阈值: 300KB/s
[2026-10-08 09:09:48] ✅ 通过阈值 HTTP测速: http://hlsztemgsplive.miguvideo.com:8080/migu/kailu/chcymdy/50/20250415/index.m3u8?msisdn=202610072203118a8113f7dc48486aa8f9774b28890a50&mdspid=&spid=699004&netType=0&sid=5910022176&pid=2028597139&timestamp=20261007220311&Channel_ID=0116_2600000900-99000-201600010010027&ProgramID=952383261&ParentNodeID=-99&assertID=5910022176&client_ip=171.8.79.254&SecurityKey=20261007220311&promotionId=&mvid=5900006704&mcid=500020&playurlVersion=WX-A1-9.9.2-SNAPSHOT&userid=&jmhm=&videocodec=h264&appCode=miguvideo_android&bean=mgspad&tid=android&conFee=0&encrypt=4f3cf64a24cdecdafbfeaaf93c0e3d92
   速度: 7312.50KB/s | 数据量: 7.3KB | 总耗时: 0.05s | 阈值: 300KB/s
[2026-10-08 09:09:48] ✅ 通过阈值 HTTP测速: http://hlsztemgsplive.miguvideo.com:8080/migu/kailu/20200324/cctv7hd/50/index.m3u8?msisdn=20261007220122709b3c59e8a34cce936b597ed6eb198d&mdspid=&spid=699004&netType=0&sid=5501083622&pid=2028597139&timestamp=20261007220122&Channel_ID=0116_2600000900-99000-201600010010027&ProgramID=673168121&ParentNodeID=-99&assertID=5501083622&client_ip=171.8.79.254&SecurityKey=20261007220122&promotionId=&mvid=5102910278&mcid=500020&playurlVersion=WX-A1-9.9.2-SNAPSHOT&userid=&jmhm=&videocodec=h264&appCode=miguvideo_android&bean=mgspad&tid=android&conFee=0&encrypt=d294c2f06a381d7c1830b6079374a1de
   速度: 7312.50KB/s | 数据量: 7.3KB | 总耗时: 0.06s | 阈值: 300KB/s
[2026-10-08 09:09:48] ✅ 通过阈值 HTTP测速: http://hlsztemgsplive.miguvideo.com:8080/migu/kailu/bjws/50/20251127/index.m3u8?msisdn=20261007220101260300db60644183b1aff74789cca582&mdspid=&spid=600697&netType=0&sid=5910022306&pid=2028597139&timestamp=20261007220101&Channel_ID=0116_2600000900-99000-201600010010027&ProgramID=630287636&ParentNodeID=-99&assertID=5910022306&client_ip=171.8.79.254&SecurityKey=20261007220101&promotionId=&mvid=5101042960&mcid=500020&playurlVersion=WX-A1-9.9.2-SNAPSHOT&userid=&jmhm=&videocodec=h264&appCode=miguvideo_android&bean=mgspad&tid=android&conFee=0&encrypt=828da0dcea2e7b699c792d00f8dfaaf2
   速度: 7312.50KB/s | 数据量: 7.3KB | 总耗时: 0.04s | 阈值: 300KB/s
[2026-10-08 09:09:48] ✅ 通过阈值 HTTP测速: http://hlsztemgsplive.miguvideo.com:8080/envivo_x/2018/SD/chongqing/1000/index.m3u8?msisdn=2026100722030417868ed066624ca9bc2fb3df93881240&mdspid=&spid=600697&netType=0&sid=5910022305&pid=2028597139&timestamp=20261007220304&Channel_ID=0116_2600000900-99000-201600010010027&ProgramID=738910914&ParentNodeID=-99&assertID=5910022305&client_ip=171.8.79.254&SecurityKey=20261007220304&promotionId=&mvid=5900004329&mcid=500020&playurlVersion=WX-A1-9.9.2-SNAPSHOT&userid=&jmhm=&videocodec=h264&appCode=miguvideo_android&bean=mgspad&tid=android&conFee=0&encrypt=d021731af7bfebdd539a09ca911cf075
   速度: 7312.50KB/s | 数据量: 7.3KB | 总耗时: 0.04s | 阈值: 300KB/s
[2026-10-08 09:09:48] ✅ 通过阈值 HTTP测速: http://hlsztemgsplive.miguvideo.com:8080/wd_r4/dfl/dongfangwshd/600/index.m3u8?msisdn=202610072203025992c27c717c46fca27956b3cd4e2672&mdspid=&spid=600697&netType=0&sid=5910022185&pid=2028597139&timestamp=20261007220302&Channel_ID=0116_2600000900-99000-201600010010027&ProgramID=651632648&ParentNodeID=-99&assertID=5910022185&client_ip=171.8.79.254&SecurityKey=20261007220302&promotionId=&mvid=5100043384&mcid=500020&playurlVersion=WX-A1-9.9.2-SNAPSHOT&userid=&jmhm=&videocodec=h264&appCode=miguvideo_android&bean=mgspad&tid=android&conFee=0&encrypt=c5c06a4967b1f7d3d57ded2bce1a6c72
   速度: 7312.50KB/s | 数据量: 7.3KB | 总耗时: 0.04s | 阈值: 300KB/s
[2026-10-08 09:09:48] ✅ 通过阈值 HTTP测速: http://hlsztemgsplive.miguvideo.com:8080/migu/kailu/btws/50/20250804/index.m3u8?msisdn=2026100722030482e263631af64e5a9d7f6feed2036670&mdspid=&spid=600697&netType=0&sid=5910022192&pid=2028597139&timestamp=20261007220304&Channel_ID=0116_2600000900-99000-201600010010027&ProgramID=956923145&ParentNodeID=-99&assertID=5910022192&client_ip=171.8.79.254&SecurityKey=20261007220304&promotionId=&mvid=5900006716&mcid=500020&playurlVersion=WX-A1-9.9.2-SNAPSHOT&userid=&jmhm=&videocodec=h264&appCode=miguvideo_android&bean=mgspad&tid=android&conFee=0&encrypt=cbd8341f54d573c20a60cdb865e245ce
   速度: 7312.50KB/s | 数据量: 7.3KB | 总耗时: 0.05s | 阈值: 300KB/s
[2026-10-08 09:09:48] 🚫 未达阈值 HTTP测速: http://38.75.136.137:98/gslb/dsdqbv/cctv17hd.m3u8?auth=test20251009
   速度: 163.09KB/s | 数据量: 0.2KB | 总耗时: 0.80s | 阈值: 300KB/s
[2026-10-08 09:09:48] ✅ 通过阈值 HTTP测速: http://hlsztemgsplive.miguvideo.com:8080/migu/kailu/dongnanws/50/20230724/index.m3u8?msisdn=20261007220303fe5a2e4f3249407a95c0f79d2a0c4314&mdspid=&spid=600717&netType=0&sid=5910022182&pid=2028597139&timestamp=20261007220303&Channel_ID=0116_2600000900-99000-201600010010027&ProgramID=849116810&ParentNodeID=-99&assertID=5910022182&client_ip=171.8.79.254&SecurityKey=20261007220303&promotionId=&mvid=5900006229&mcid=500020&playurlVersion=WX-A1-9.9.2-SNAPSHOT&userid=&jmhm=&videocodec=h264&appCode=miguvideo_android&bean=mgspad&tid=android&conFee=0&encrypt=f0eb546b6fe43af5b878ced528bc75fa
   速度: 7312.50KB/s | 数据量: 7.3KB | 总耗时: 0.06s | 阈值: 300KB/s
[2026-10-08 09:09:48] ✅ 通过阈值 HTTP测速: http://hlsztemgsplive.miguvideo.com:8080/wd_r3/2018/nfmedia/nfws/1000/index.m3u8?msisdn=202610072203032c4c273fe1e74f9b831d18b6d3a5c5fa&mdspid=&spid=699054&netType=0&sid=2200322852&pid=2028597139&timestamp=20261007220303&Channel_ID=0116_2600000900-99000-201600010010027&ProgramID=608917627&ParentNodeID=-99&assertID=2200322852&client_ip=171.8.79.254&SecurityKey=20261007220303&promotionId=&mvid=2200322852&mcid=500020&playurlVersion=WX-A1-9.9.2-SNAPSHOT&userid=&jmhm=&videocodec=h264&appCode=miguvideo_android&bean=mgspad&tid=android&conFee=0&encrypt=29c7fa7a56769de0efe553f16174946e
   速度: 7312.50KB/s | 数据量: 7.3KB | 总耗时: 0.05s | 阈值: 300KB/s
[2026-10-08 09:09:48] 🚫 未达阈值 HTTP测速: http://38.75.136.137:98/gslb/dsdqbv/cctv5p.m3u8?auth=test20251009
   速度: 163.09KB/s | 数据量: 0.2KB | 总耗时: 0.79s | 阈值: 300KB/s
[2026-10-08 09:09:48] 🚫 未达阈值 HTTP测速: http://107.150.60.122/live/chcdz.m3u8
   速度: 195.31KB/s | 数据量: 0.2KB | 总耗时: 0.20s | 阈值: 300KB/s
[2026-10-08 09:09:48] 🚫 未达阈值 HTTP测速: http://107.150.60.122/live/bjwshd.m3u8
   速度: 199.22KB/s | 数据量: 0.2KB | 总耗时: 0.20s | 阈值: 300KB/s
[2026-10-08 09:09:48] ✅ 通过阈值 HTTP测速: http://hlsztemgsplive.miguvideo.com:8080/wd_r2/2018/ocn/hubeiwshd/1000/index.m3u8?msisdn=202610072203036c5ceeead27e45e8a822754d9e458ef2&mdspid=&spid=600633&netType=0&sid=5910022163&pid=2028597139&timestamp=20261007220303&Channel_ID=0116_2600000900-99000-201600010010027&ProgramID=947472496&ParentNodeID=-99&assertID=5910022163&client_ip=171.8.79.254&SecurityKey=20261007220303&promotionId=&mvid=5900004355&mcid=500020&playurlVersion=WX-A1-9.9.2-SNAPSHOT&userid=&jmhm=&videocodec=h264&appCode=miguvideo_android&bean=mgspad&tid=android&conFee=0&encrypt=b2465926f4d3fb9f3381d9ba4616bbcf
   速度: 7312.50KB/s | 数据量: 7.3KB | 总耗时: 0.05s | 阈值: 300KB/s
[2026-10-08 09:09:48] 🚫 未达阈值 HTTP测速: http://120.211.62.180:8000/hls/35/index.m3u8
   速度: 224.61KB/s | 数据量: 0.2KB | 总耗时: 0.34s | 阈值: 300KB/s
[2026-10-08 09:09:48] ✅ HTTPS测速成功: https://epg.pw/stream/5f16dc7fc8aaaed3205516c63e4a8c24bca9dbba1181684244729cf574505b0e.m3u8
   速度: 124.02KB/s | 数据量: 0.1KB | 总耗时: 0.22s | 证书: 有效
[2026-10-08 09:09:48] ✅ 通过阈值 HTTP测速: http://124.165.251.82:85/tsfile/live/0008_1.m3u8?key=txiptv&playlive=1&authid=0
   速度: 418.95KB/s | 数据量: 0.4KB | 总耗时: 0.45s | 阈值: 300KB/s
[2026-10-08 09:09:48] ✅ 通过阈值 HTTP测速: http://124.165.251.82:85/tsfile/live/0012_1.m3u8?key=txiptv&playlive=1&authid=0
   速度: 423.83KB/s | 数据量: 0.4KB | 总耗时: 0.46s | 阈值: 300KB/s
[2026-10-08 09:09:49] ✅ 通过阈值 HTTP测速: http://hlsztemgsplive.miguvideo.com:8080/migu/kailu/hbws/50/20251225/index.m3u8?msisdn=2026100722011947073a191f8a4bbfa21d7f6481cfad3c&mdspid=&spid=600725&netType=0&sid=5910022316&pid=2028597139&timestamp=20261007220119&Channel_ID=0116_2600000900-99000-201600010010027&ProgramID=962042070&ParentNodeID=-99&assertID=5910022316&client_ip=171.8.79.254&SecurityKey=20261007220119&promotionId=&mvid=5900006782&mcid=500020&playurlVersion=WX-A1-9.9.2-SNAPSHOT&userid=&jmhm=&videocodec=h264&appCode=miguvideo_android&bean=mgspad&tid=android&conFee=0&encrypt=abe183827cca21bd757db3d1a92d5dc0
   速度: 7312.50KB/s | 数据量: 7.3KB | 总耗时: 0.26s | 阈值: 300KB/s
[2026-10-08 09:09:49] ✅ 通过阈值 HTTP测速: http://120.238.94.82:9901/tsfile/live/1009_1.m3u8
   速度: 433.59KB/s | 数据量: 0.4KB | 总耗时: 0.46s | 阈值: 300KB/s
[2026-10-08 09:09:49] ✅ 通过阈值 HTTP测速: http://hlsztemgsplive.miguvideo.com:8080/envivo_x/SD/lvyou/711/index.m3u8?msisdn=202610072201154d34e08b1bf5497091a3e824b1116e84&mdspid=&spid=600633&netType=0&sid=5910022165&pid=2028597139&timestamp=20261007220115&Channel_ID=0116_2600000900-99000-201600010010027&ProgramID=947472502&ParentNodeID=-99&assertID=5910022165&client_ip=171.8.79.254&SecurityKey=20261007220115&promotionId=&mvid=5900004359&mcid=500020&playurlVersion=WX-A1-9.9.2-SNAPSHOT&userid=&jmhm=&videocodec=h264&appCode=miguvideo_android&bean=mgspad&tid=android&conFee=0&encrypt=3cc8a5d4cc361d6e9314f74ba4f53fe6
   速度: 7312.50KB/s | 数据量: 7.3KB | 总耗时: 0.16s | 阈值: 300KB/s
[2026-10-08 09:09:49] ✅ 通过阈值 HTTP测速: http://hlsztemgsplive.miguvideo.com:8080/migu/kailu/nxjj/50/20251225/index.m3u8?msisdn=202610072203057ce2e8806d8b43dd8abc17051eb02e87&mdspid=&spid=600697&netType=0&sid=5910022409&pid=2028597139&timestamp=20261007220305&Channel_ID=0116_2600000900-99000-201600010010027&ProgramID=738906901&ParentNodeID=-99&assertID=5910022409&client_ip=171.8.79.254&SecurityKey=20261007220305&promotionId=&mvid=5900004349&mcid=500020&playurlVersion=WX-A1-9.9.2-SNAPSHOT&userid=&jmhm=&videocodec=h264&appCode=miguvideo_android&bean=mgspad&tid=android&conFee=0&encrypt=a28d0458db5ba01576040332e812ce55
   速度: 7312.50KB/s | 数据量: 7.3KB | 总耗时: 0.23s | 阈值: 300KB/s
[2026-10-08 09:09:49] ✅ 通过阈值 HTTP测速: http://hlsztemgsplive.miguvideo.com:8080/wd-henanwssd-600/index.m3u8?msisdn=20261007220302b7d2f8272a35427f88367206b18aeca1&mdspid=&spid=600633&netType=0&sid=5910021585&pid=2028597139&timestamp=20261007220302&Channel_ID=0116_2600000900-99000-201600010010027&ProgramID=790187291&ParentNodeID=-99&assertID=5910021585&client_ip=171.8.79.254&SecurityKey=20261007220302&promotionId=&mvid=5900005706&mcid=500020&playurlVersion=WX-A1-9.9.2-SNAPSHOT&userid=&jmhm=&videocodec=h264&appCode=miguvideo_android&bean=mgspad&tid=android&conFee=0&encrypt=557222a483637711aa6b41e3a8b9163f
   速度: 7312.50KB/s | 数据量: 7.3KB | 总耗时: 0.02s | 阈值: 300KB/s
[2026-10-08 09:09:49] ✅ HTTPS测速成功: https://hlscdn.liangtv.cn/live/0c4ef3a44b934cacb8b47121dfada66c/d7e04258157b480dae53883cc6f8123b.m3u8
   速度: 179.69KB/s | 数据量: 0.2KB | 总耗时: 0.38s | 证书: 有效
[2026-10-08 09:09:49] ✅ 通过阈值 HTTP测速: http://hlsztemgsplive.miguvideo.com:8080/migu/kailu/haixiaws/50/20230724/index.m3u8?msisdn=2026100722030401e64383b2f74feba2ccaad79bd400c1&mdspid=&spid=600717&netType=0&sid=5910022183&pid=2028597139&timestamp=20261007220304&Channel_ID=0116_2600000900-99000-201600010010027&ProgramID=849119120&ParentNodeID=-99&assertID=5910022183&client_ip=171.8.79.254&SecurityKey=20261007220304&promotionId=&mvid=5900006231&mcid=500020&playurlVersion=WX-A1-9.9.2-SNAPSHOT&userid=&jmhm=&videocodec=h264&appCode=miguvideo_android&bean=mgspad&tid=android&conFee=0&encrypt=361980cd2aafcbcaf4cea4ffb299add6
   速度: 7312.50KB/s | 数据量: 7.3KB | 总耗时: 0.07s | 阈值: 300KB/s
[2026-10-08 09:09:49] ✅ 通过阈值 HTTP测速: http://hlsztemgsplive.miguvideo.com:8080/wd_r2/cctv/jiangsuhd/600/index.m3u8?msisdn=2026100722013665b6b316c1de478a87e1a04a6c3826a6&mdspid=&spid=699067&netType=0&sid=5500199408&pid=2028597139&timestamp=20261007220136&Channel_ID=0116_2600000900-99000-201600010010027&ProgramID=623899368&ParentNodeID=-99&assertID=5500199408&client_ip=171.8.79.254&SecurityKey=20261007220136&promotionId=&mvid=5100156802&mcid=500020&playurlVersion=WX-A1-9.9.2-SNAPSHOT&userid=&jmhm=&videocodec=h264&appCode=miguvideo_android&bean=mgspad&tid=android&conFee=0&encrypt=32f816f73cd47b28cd1e3ddad037c090
   速度: 7312.50KB/s | 数据量: 7.3KB | 总耗时: 0.06s | 阈值: 300KB/s
[2026-10-08 09:09:49] ✅ HTTPS测速成功: https://hlscdn.liangtv.cn/live/de0f97348eb84f62aa6b7d8cf0430770/dd505d87880c478f901f38560ca4d4e6.m3u8
   速度: 179.69KB/s | 数据量: 0.2KB | 总耗时: 0.38s | 证书: 有效
[2026-10-08 09:09:49] ✅ 通过阈值 HTTP测速: http://hlsztemgsplive.miguvideo.com:8080/migu/kailu/jxwshd/50/20190820/index.m3u8?msisdn=202610072203023cc854c1829746e2b2742c125006daec&mdspid=&spid=600633&netType=0&sid=5910021492&pid=2028597139&timestamp=20261007220302&Channel_ID=0116_2600000900-99000-201600010010027&ProgramID=783847495&ParentNodeID=-99&assertID=5910021492&client_ip=171.8.79.254&SecurityKey=20261007220302&promotionId=&mvid=5900004351&mcid=500020&playurlVersion=WX-A1-9.9.2-SNAPSHOT&userid=&jmhm=&videocodec=h264&appCode=miguvideo_android&bean=mgspad&tid=android&conFee=0&encrypt=09400fba5514069bf3355b6555d3522a
   速度: 7312.50KB/s | 数据量: 7.3KB | 总耗时: 0.03s | 阈值: 300KB/s
[2026-10-08 09:09:49] ✅ 通过阈值 HTTP测速: http://hlsztemgsplive.miguvideo.com:8080/envivo_v/2018/SD/jilin/1000/index.m3u8?msisdn=2026100722030380daffd84fda428ab3b18e3a5c87ffa8&mdspid=&spid=600633&netType=0&sid=5910022164&pid=2028597139&timestamp=20261007220303&Channel_ID=0116_2600000900-99000-201600010010027&ProgramID=947472500&ParentNodeID=-99&assertID=5910022164&client_ip=171.8.79.254&SecurityKey=20261007220303&promotionId=&mvid=5900004357&mcid=500020&playurlVersion=WX-A1-9.9.2-SNAPSHOT&userid=&jmhm=&videocodec=h264&appCode=miguvideo_android&bean=mgspad&tid=android&conFee=0&encrypt=4f0507db4e2bf4d02eb6c775dfcb1374
   速度: 7312.50KB/s | 数据量: 7.3KB | 总耗时: 0.09s | 阈值: 300KB/s
[2026-10-08 09:09:49] ✅ 通过阈值 HTTP测速: http://event.pull.hebtv.com/jishi/weishi_tingyun.m3u8
   速度: 383.79KB/s | 数据量: 0.4KB | 总耗时: 0.43s | 阈值: 300KB/s
[2026-10-08 09:09:49] ✅ 通过阈值 HTTP测速: http://hlsztemgsplive.miguvideo.com:8080/wd_r2/2018/ocn/liaoningwshd/1000/index.m3u8?msisdn=2026100722030293ceec66b9084711a8dbdc482e921146&mdspid=&spid=600572&netType=0&sid=5910022198&pid=2028597139&timestamp=20261007220302&Channel_ID=0116_2600000900-99000-201600010010027&ProgramID=630291707&ParentNodeID=-99&assertID=5910022198&client_ip=171.8.79.254&SecurityKey=20261007220302&promotionId=&mvid=5101043014&mcid=500020&playurlVersion=WX-A1-9.9.2-SNAPSHOT&userid=&jmhm=&videocodec=h264&appCode=miguvideo_android&bean=mgspad&tid=android&conFee=0&encrypt=6ea653c68488b645cf7e860dc32b623a
   速度: 7312.50KB/s | 数据量: 7.3KB | 总耗时: 0.06s | 阈值: 300KB/s
[2026-10-08 09:09:49] ✅ 通过阈值 HTTP测速: http://hlsztemgsplive.miguvideo.com:8080/migu/kailu/ssws/50/20251127/index.m3u8?msisdn=20261007220304e4cbfb9a0dc645ada88505747e279d29&mdspid=&spid=600697&netType=0&sid=5910022307&pid=2028597139&timestamp=20261007220304&Channel_ID=0116_2600000900-99000-201600010010027&ProgramID=961023778&ParentNodeID=-99&assertID=5910022307&client_ip=171.8.79.254&SecurityKey=20261007220304&promotionId=&mvid=5900006777&mcid=500020&playurlVersion=WX-A1-9.9.2-SNAPSHOT&userid=&jmhm=&videocodec=h264&appCode=miguvideo_android&bean=mgspad&tid=android&conFee=0&encrypt=b71d9ad4c10d5f1aa59ff1f1616444f7
   速度: 7312.50KB/s | 数据量: 7.3KB | 总耗时: 0.07s | 阈值: 300KB/s
[2026-10-08 09:09:49] ✅ 通过阈值 HTTP测速: http://hlsztemgsplive.miguvideo.com:8080/envivo_x/2018/SD/ningxia/1000/index.m3u8?msisdn=2026100722030418951c68918a4c1cb558f5258a52ff80&mdspid=&spid=600697&netType=0&sid=5910022262&pid=2028597139&timestamp=20261007220304&Channel_ID=0116_2600000900-99000-201600010010027&ProgramID=738910535&ParentNodeID=-99&assertID=5910022262&client_ip=171.8.79.254&SecurityKey=20261007220304&promotionId=&mvid=5900004337&mcid=500020&playurlVersion=WX-A1-9.9.2-SNAPSHOT&userid=&jmhm=&videocodec=h264&appCode=miguvideo_android&bean=mgspad&tid=android&conFee=0&encrypt=c01e729dbdeeb55f4cefa178532b45c2
   速度: 7312.50KB/s | 数据量: 7.3KB | 总耗时: 0.10s | 阈值: 300KB/s
[2026-10-08 09:09:49] ✅ 通过阈值 HTTP测速: http://hlsztemgsplive.miguvideo.com:8080/migu/kailu/shan3xiws/50/20220809/index.m3u8?msisdn=2026100722030386686ec21264488fa79a9d0f15ad1f8d&mdspid=&spid=600633&netType=0&sid=5910020475&pid=2028597139&timestamp=20261007220303&Channel_ID=0116_2600000900-99000-201600010010027&ProgramID=738910838&ParentNodeID=-99&assertID=5910020475&client_ip=171.8.79.254&SecurityKey=20261007220303&promotionId=&mvid=5900004331&mcid=500020&playurlVersion=WX-A1-9.9.2-SNAPSHOT&userid=&jmhm=&videocodec=h264&appCode=miguvideo_android&bean=mgspad&tid=android&conFee=0&encrypt=4aa8cb54d95f54fb532c76126a18acfa
   速度: 7312.50KB/s | 数据量: 7.3KB | 总耗时: 0.02s | 阈值: 300KB/s
[2026-10-08 09:09:49] 🚫 未达阈值 HTTP测速: http://107.150.60.122/live/jxwshd.m3u8
   速度: 199.22KB/s | 数据量: 0.2KB | 总耗时: 0.19s | 阈值: 300KB/s
[2026-10-08 09:09:49] 🚫 未达阈值 HTTP测速: http://107.150.60.122/live/scwshd.m3u8
   速度: 198.24KB/s | 数据量: 0.2KB | 总耗时: 0.20s | 阈值: 300KB/s
[2026-10-08 09:09:49] 🚫 未达阈值 HTTP测速: http://38.75.136.137:98/gslb/dsdqpub/gdwshd.m3u8?auth=testpub
   速度: 163.09KB/s | 数据量: 0.2KB | 总耗时: 0.79s | 阈值: 300KB/s
[2026-10-08 09:09:49] 🚫 未达阈值 HTTP测速: http://112.27.5.218:9901/tsfile/live/faacts/0138_1.m3u8?key=txiptv&playlive=1&authid=0
   速度: 295.90KB/s | 数据量: 0.3KB | 总耗时: 0.32s | 阈值: 300KB/s
[2026-10-08 09:09:49] 🚫 未达阈值 HTTP测速: http://107.150.60.122/live/tjwshd.m3u8
   速度: 195.31KB/s | 数据量: 0.2KB | 总耗时: 0.21s | 阈值: 300KB/s
[2026-10-08 09:09:49] ✅ 通过阈值 HTTP测速: http://hlsztemgsplive.miguvideo.com:8080/migu/kailu/zgnlws/50/20250804/index.m3u8?msisdn=20261007220304092e9b5d669246bebea1bbc4f5f74a23&mdspid=&spid=600572&netType=0&sid=5910022186&pid=2028597139&timestamp=20261007220304&Channel_ID=0116_2600000900-99000-201600010010027&ProgramID=956904896&ParentNodeID=-99&assertID=5910022186&client_ip=171.8.79.254&SecurityKey=20261007220304&promotionId=&mvid=5900006709&mcid=500020&playurlVersion=WX-A1-9.9.2-SNAPSHOT&userid=&jmhm=&videocodec=h264&appCode=miguvideo_android&bean=mgspad&tid=android&conFee=0&encrypt=2bcc7ec1aafa394b7d674ed041d54944
   速度: 7312.50KB/s | 数据量: 7.3KB | 总耗时: 0.03s | 阈值: 300KB/s
[2026-10-08 09:09:49] ✅ 通过阈值 HTTP测速: http://153.0.171.163:9901/tsfile/live/0118_1.m3u8?key=txiptv&playlive=1&authid=0
   速度: 417.97KB/s | 数据量: 0.4KB | 总耗时: 0.44s | 阈值: 300KB/s
[2026-10-08 09:09:49] ✅ 通过阈值 HTTP测速: http://153.0.171.163:9901/tsfile/live/0135_1.m3u8?key=txiptv&playlive=1&authid=0
   速度: 417.97KB/s | 数据量: 0.4KB | 总耗时: 0.47s | 阈值: 300KB/s
[2026-10-08 09:09:49] ✅ 通过阈值 HTTP测速: http://live.zohi.tv/video/s10001-fztv-3/index.m3u8
   速度: 498.05KB/s | 数据量: 0.5KB | 总耗时: 1.29s | 阈值: 300KB/s
[2026-10-08 09:09:49] ✅ 通过阈值 HTTP测速: http://hlsztemgsplive.miguvideo.com:8080/wd_r2/cctv/cctv5hdnew/600/index.m3u8?msisdn=20261008080258d4e42818eccf4d7c8c56164874f474aa&mdspid=&spid=699004&netType=0&sid=5500516171&pid=2028597139&timestamp=20261008080258&Channel_ID=0116_2600000900-99000-201600010010027&ProgramID=641886683&ParentNodeID=-99&assertID=5500516171&client_ip=171.8.79.254&SecurityKey=20261008080258&promotionId=&mvid=5102048712&mcid=500020&playurlVersion=WX-A1-9.9.2-SNAPSHOT&userid=&jmhm=&videocodec=h264&appCode=miguvideo_android&bean=mgspad&tid=android&conFee=0&encrypt=a0628734042b4e8cbee2ae6d79464182
   速度: 7312.50KB/s | 数据量: 7.3KB | 总耗时: 0.03s | 阈值: 300KB/s
[2026-10-08 09:09:49] ✅ 通过阈值 HTTP测速: http://hlsztemgsplive.miguvideo.com:8080/wd_r2/cctv/cctv5plusnew/600/index.m3u8?msisdn=20261008080258b60413bebd4e4711b0a28f207c862126&mdspid=&spid=699004&netType=0&sid=5500516288&pid=2028597139&timestamp=20261008080258&Channel_ID=0116_2600000900-99000-201600010010027&ProgramID=641886773&ParentNodeID=-99&assertID=5500516288&client_ip=171.8.79.254&SecurityKey=20261008080258&promotionId=&mvid=5102048803&mcid=500020&playurlVersion=WX-A1-9.9.2-SNAPSHOT&userid=&jmhm=&videocodec=h264&appCode=miguvideo_android&bean=mgspad&tid=android&conFee=0&encrypt=78fa132c3a555fc502599088a963a09f
   速度: 7312.50KB/s | 数据量: 7.3KB | 总耗时: 0.02s | 阈值: 300KB/s
[2026-10-08 09:09:49] ✅ 通过阈值 HTTP测速: http://hlsztemgsplive.miguvideo.com:8080/wd_r2/2018/ocn/cctv14hd/1000/index.m3u8?msisdn=2026100806025868ed21e5b8e7404f9e0e73124446f0d9&mdspid=&spid=699004&netType=0&sid=5500212875&pid=2028597139&timestamp=20261008060258&Channel_ID=0116_2600000900-99000-201600010010027&ProgramID=624878440&ParentNodeID=-99&assertID=5500212875&client_ip=171.8.79.254&SecurityKey=20261008060258&promotionId=&mvid=5100001697&mcid=500020&playurlVersion=WX-A1-9.9.2-SNAPSHOT&userid=&jmhm=&videocodec=h264&appCode=miguvideo_android&bean=mgspad&tid=android&conFee=0&encrypt=e7558e54d662a55a1f6505b47d6bdc27
   速度: 7312.50KB/s | 数据量: 7.3KB | 总耗时: 0.05s | 阈值: 300KB/s
[2026-10-08 09:09:49] ✅ 通过阈值 HTTP测速: http://hlsztemgsplive.miguvideo.com:8080/migu/kailu/20200324/cctv17hd/50/index.m3u8?msisdn=20261008060259fcd4e8ebe3ff41b6a6dfe0d8542f4215&mdspid=&spid=699004&netType=0&sid=5501083631&pid=2028597139&timestamp=20261008060259&Channel_ID=0116_2600000900-99000-201600010010027&ProgramID=673168256&ParentNodeID=-99&assertID=5501083631&client_ip=171.8.79.254&SecurityKey=20261008060259&promotionId=&mvid=5102910396&mcid=500020&playurlVersion=WX-A1-9.9.2-SNAPSHOT&userid=&jmhm=&videocodec=h264&appCode=miguvideo_android&bean=mgspad&tid=android&conFee=0&encrypt=7f963adc7a1653bf5af252b560196a80
   速度: 7312.50KB/s | 数据量: 7.3KB | 总耗时: 0.02s | 阈值: 300KB/s
[2026-10-08 09:09:50] 🚫 未达阈值 HTTP测速: http://38.75.136.137:98/gslb/dsdqpub/ssws.m3u8?auth=testpub
   速度: 164.06KB/s | 数据量: 0.2KB | 总耗时: 0.80s | 阈值: 300KB/s
[2026-10-08 09:09:50] ✅ 通过阈值 HTTP测速: http://hlsztemgsplive.miguvideo.com:8080/envivo_v/2018/SD/cctv/doc/1000/index.m3u8?msisdn=202610080602593fa133c4089a416dab9c7c751211e855&mdspid=&spid=699004&netType=0&sid=2200179356&pid=2028597139&timestamp=20261008060259&Channel_ID=0116_2600000900-99000-201600010010027&ProgramID=609006487&ParentNodeID=-99&assertID=2200179356&client_ip=171.8.79.254&SecurityKey=20261008060259&promotionId=&mvid=2200179356&mcid=500020&playurlVersion=WX-A1-9.9.2-SNAPSHOT&userid=&jmhm=&videocodec=h264&appCode=miguvideo_android&bean=mgspad&tid=android&conFee=0&encrypt=eb1808c30f2812e994dd65619520da93
   速度: 7312.50KB/s | 数据量: 7.3KB | 总耗时: 0.02s | 阈值: 300KB/s
[2026-10-08 09:09:50] ✅ 通过阈值 HTTP测速: http://hlsztemgsplive.miguvideo.com:8080/envivo_v/2018/SD/cctv/xibanya/1000/index.m3u8?msisdn=202610080602597d8fe79429b94f808509c8f9a2606d01&mdspid=&spid=699004&netType=0&sid=2200179337&pid=2028597139&timestamp=20261008060259&Channel_ID=0116_2600000900-99000-201600010010027&ProgramID=609006450&ParentNodeID=-99&assertID=2200179337&client_ip=171.8.79.254&SecurityKey=20261008060259&promotionId=&mvid=2200179337&mcid=500020&playurlVersion=WX-A1-9.9.2-SNAPSHOT&userid=&jmhm=&videocodec=h264&appCode=miguvideo_android&bean=mgspad&tid=android&conFee=0&encrypt=d2c0f501d54dce3a9d93bce750f86194
   速度: 7312.50KB/s | 数据量: 7.3KB | 总耗时: 0.02s | 阈值: 300KB/s
[2026-10-08 09:09:50] ✅ 通过阈值 HTTP测速: http://hlsztemgsplive.miguvideo.com:8080/envivo_v/2018/SD/cctv/fayu/1000/index.m3u8?msisdn=2026100806025929f5bacc84de42dd9854a7501de4752d&mdspid=&spid=699004&netType=0&sid=2200179324&pid=2028597139&timestamp=20261008060259&Channel_ID=0116_2600000900-99000-201600010010027&ProgramID=609006476&ParentNodeID=-99&assertID=2200179324&client_ip=171.8.79.254&SecurityKey=20261008060259&promotionId=&mvid=2200179324&mcid=500020&playurlVersion=WX-A1-9.9.2-SNAPSHOT&userid=&jmhm=&videocodec=h264&appCode=miguvideo_android&bean=mgspad&tid=android&conFee=0&encrypt=c261c7249084f84d6f84a34891650605
   速度: 7312.50KB/s | 数据量: 7.3KB | 总耗时: 0.02s | 阈值: 300KB/s
[2026-10-08 09:09:50] ✅ 通过阈值 HTTP测速: http://hlsztemgsplive.miguvideo.com:8080/envivo_v/SD/cctv/alabo/1000/index.m3u8?msisdn=202610080602599268f399a3e9416c88057769fc8cd914&mdspid=&spid=699004&netType=0&sid=2200179303&pid=2028597139&timestamp=20261008060259&Channel_ID=0116_2600000900-99000-201600010010027&ProgramID=609154345&ParentNodeID=-99&assertID=2200179303&client_ip=171.8.79.254&SecurityKey=20261008060259&promotionId=&mvid=2200179303&mcid=500020&playurlVersion=WX-A1-9.9.2-SNAPSHOT&userid=&jmhm=&videocodec=h264&appCode=miguvideo_android&bean=mgspad&tid=android&conFee=0&encrypt=30bd0de043f4a1418aa15fbdef3c7d4b
   速度: 7312.50KB/s | 数据量: 7.3KB | 总耗时: 0.05s | 阈值: 300KB/s
[2026-10-08 09:09:50] 🚫 未达阈值 HTTP测速: http://198.204.228.26/live/ssws.m3u8
   速度: 163.09KB/s | 数据量: 0.2KB | 总耗时: 0.87s | 阈值: 300KB/s
[2026-10-08 09:09:50] ✅ 通过阈值 HTTP测速: http://hlsztemgsplive.miguvideo.com:8080/migu/kailu/cctvlaogushi/50/20231109/index.m3u8?msisdn=202610080603003d67a8cf7538493a96d8a2a4ba895066&mdspid=&spid=699004&netType=0&sid=5910022002&pid=2028597139&timestamp=20261008060300&Channel_ID=0116_2600000900-99000-201600010010027&ProgramID=884121956&ParentNodeID=-99&assertID=5910022002&client_ip=171.8.79.254&SecurityKey=20261008060300&promotionId=&mvid=5900006372&mcid=500020&playurlVersion=WX-A1-9.9.2-SNAPSHOT&userid=&jmhm=&videocodec=h264&appCode=miguvideo_android&bean=mgspad&tid=android&conFee=0&encrypt=8c202a57d8097666327a4bde4f9b81f5
   速度: 7312.50KB/s | 数据量: 7.3KB | 总耗时: 0.04s | 阈值: 300KB/s
[2026-10-08 09:09:50] ✅ 通过阈值 HTTP测速: http://hlsztemgsplive.miguvideo.com:8080/envivo_v/2018/SD/cctv/eyu/1000/index.m3u8?msisdn=202610080603000e4531b9d7f743d086523d3c017b14de&mdspid=&spid=699004&netType=0&sid=2200179332&pid=2028597139&timestamp=20261008060300&Channel_ID=0116_2600000900-99000-201600010010027&ProgramID=609006446&ParentNodeID=-99&assertID=2200179332&client_ip=171.8.79.254&SecurityKey=20261008060300&promotionId=&mvid=2200179332&mcid=500020&playurlVersion=WX-A1-9.9.2-SNAPSHOT&userid=&jmhm=&videocodec=h264&appCode=miguvideo_android&bean=mgspad&tid=android&conFee=0&encrypt=45c0d9bd4c47cd5d7b62272ac223ad0b
   速度: 7312.50KB/s | 数据量: 7.3KB | 总耗时: 0.05s | 阈值: 300KB/s
[2026-10-08 09:09:50] ✅ 通过阈值 HTTP测速: http://hlsztemgsplive.miguvideo.com:8080/wd_r3/cnr/faxianzhilv/1000/index.m3u8?msisdn=20261008060300b589456587f9485297561e37866d7aba&mdspid=&spid=699004&netType=0&sid=5500212893&pid=2028597139&timestamp=20261008060300&Channel_ID=0116_2600000900-99000-201600010010027&ProgramID=624878970&ParentNodeID=-99&assertID=5500212893&client_ip=171.8.79.254&SecurityKey=20261008060300&promotionId=&mvid=5100001701&mcid=500020&playurlVersion=WX-A1-9.9.2-SNAPSHOT&userid=&jmhm=&videocodec=h264&appCode=miguvideo_android&bean=mgspad&tid=android&conFee=0&encrypt=109ada67c2f7cc5e70053066183ad4e7
   速度: 7312.50KB/s | 数据量: 7.3KB | 总耗时: 0.03s | 阈值: 300KB/s
[2026-10-08 09:09:50] ✅ 通过阈值 HTTP测速: http://hlsztemgsplive.miguvideo.com:8080/migu/kailu/20210415/cctvzhongxuesheng/50/index.m3u8?msisdn=2026100806030060020f37248f4f2f9000da3a122c91ee&mdspid=&spid=699004&netType=0&sid=5910019355&pid=2028597139&timestamp=20261008060300&Channel_ID=0116_2600000900-99000-201600010010027&ProgramID=708869532&ParentNodeID=-99&assertID=5910019355&client_ip=171.8.79.254&SecurityKey=20261008060300&promotionId=&mvid=5900002149&mcid=500020&playurlVersion=WX-A1-9.9.2-SNAPSHOT&userid=&jmhm=&videocodec=h264&appCode=miguvideo_android&bean=mgspad&tid=android&conFee=0&encrypt=320e7a4505ff3817272fadbd3cdb153f
   速度: 7312.50KB/s | 数据量: 7.3KB | 总耗时: 0.02s | 阈值: 300KB/s
[2026-10-08 09:09:50] ✅ 通过阈值 HTTP测速: http://hlsztemgsplive.miguvideo.com:8080/envivo_x/2018/SD/cctvnews/1000/index.m3u8?msisdn=202610080603003d66bb22b3574e7b950c3db3247142d2&mdspid=&spid=699004&netType=0&sid=2202196407&pid=2028597139&timestamp=20261008060300&Channel_ID=0116_2600000900-99000-201600010010027&ProgramID=609017205&ParentNodeID=-99&assertID=2202196407&client_ip=171.8.79.254&SecurityKey=20261008060300&promotionId=&mvid=2202196407&mcid=500020&playurlVersion=WX-A1-9.9.2-SNAPSHOT&userid=&jmhm=&videocodec=h264&appCode=miguvideo_android&bean=mgspad&tid=android&conFee=0&encrypt=c24edf2ee4c94ea3549fe6baac8121e8
   速度: 7312.50KB/s | 数据量: 7.3KB | 总耗时: 0.04s | 阈值: 300KB/s
[2026-10-08 09:09:50] ✅ 通过阈值 HTTP测速: http://hlsztemgsplive.miguvideo.com:8080/wd_r3/cctv/saishijingdian/600/index.m3u8?msisdn=20261008060300e149eed7ba854f0b8100b9e8b01164bc&mdspid=&spid=699004&netType=0&sid=5500592947&pid=2028597139&timestamp=20261008060300&Channel_ID=0116_2600000900-99000-201600010010027&ProgramID=646596895&ParentNodeID=-99&assertID=5500592947&client_ip=171.8.79.254&SecurityKey=20261008060300&promotionId=&mvid=5101034296&mcid=500020&playurlVersion=WX-A1-9.9.2-SNAPSHOT&userid=&jmhm=&videocodec=h264&appCode=miguvideo_android&bean=mgspad&tid=android&conFee=0&encrypt=8b80c215d3fea8e7f4581c251837de9c
   速度: 7312.50KB/s | 数据量: 7.3KB | 总耗时: 0.02s | 阈值: 300KB/s
[2026-10-08 09:09:50] ✅ 通过阈值 HTTP测速: http://hlsztemgsplive.miguvideo.com:8080/wd_r3/cctv/titanminglan/600/index.m3u8?msisdn=2026100806030160ef994860ff4ddf89ac78179d1a9488&mdspid=&spid=699004&netType=0&sid=5500315687&pid=2028597139&timestamp=20261008060301&Channel_ID=0116_2600000900-99000-201600010010027&ProgramID=629943305&ParentNodeID=-99&assertID=5500315687&client_ip=171.8.79.254&SecurityKey=20261008060301&promotionId=&mvid=5101034219&mcid=500020&playurlVersion=WX-A1-9.9.2-SNAPSHOT&userid=&jmhm=&videocodec=h264&appCode=miguvideo_android&bean=mgspad&tid=android&conFee=0&encrypt=612a8a94c6df2342ad69b57187983643
   速度: 7312.50KB/s | 数据量: 7.3KB | 总耗时: 0.02s | 阈值: 300KB/s
[2026-10-08 09:09:50] ✅ 通过阈值 HTTP测速: http://hlsztemgsplive.miguvideo.com:8080/migu/lunbo/ouzhoubei/50/20240603/index.m3u8?msisdn=20261008060301125299fd9c2749e4b5366a3a61b4fa9f&mdspid=&spid=800033&netType=0&sid=5910022136&pid=2028597139&timestamp=20261008060301&Channel_ID=0116_2600000900-99000-201600010010027&ProgramID=915512915&ParentNodeID=-99&assertID=5910022136&client_ip=171.8.79.254&SecurityKey=20261008060301&promotionId=&mvid=5900006618&mcid=500020&playurlVersion=WX-A1-9.9.2-SNAPSHOT&userid=&jmhm=&videocodec=h264&appCode=miguvideo_android&bean=mgspad&tid=android&conFee=0&encrypt=24567f5b34d6f770c2d7466aae424b03
   速度: 7312.50KB/s | 数据量: 7.3KB | 总耗时: 0.03s | 阈值: 300KB/s
[2026-10-08 09:09:50] ✅ 通过阈值 HTTP测速: http://hlsztemgsplive.miguvideo.com:8080/migu/kailu/sxtyxx/50/20250804/index.m3u8?msisdn=202610080603014e45be1cda7d4ea5bacc428c62ec4e7d&mdspid=&spid=600572&netType=0&sid=5910022189&pid=2028597139&timestamp=20261008060301&Channel_ID=0116_2600000900-99000-201600010010027&ProgramID=956909356&ParentNodeID=-99&assertID=5910022189&client_ip=171.8.79.254&SecurityKey=20261008060301&promotionId=&mvid=5900006712&mcid=500020&playurlVersion=WX-A1-9.9.2-SNAPSHOT&userid=&jmhm=&videocodec=h264&appCode=miguvideo_android&bean=mgspad&tid=android&conFee=0&encrypt=c89dc8257a481fc7c80472f9aeb532a9
   速度: 7312.50KB/s | 数据量: 7.3KB | 总耗时: 0.04s | 阈值: 300KB/s
[2026-10-08 09:09:50] ✅ 通过阈值 HTTP测速: http://hlsztemgsplive.miguvideo.com:8080/wd_r4/peoplecn/shdiaoyu/600/index.m3u8?msisdn=20261008060301da9b1d80fb554160bfebed16d12c2b96&mdspid=&spid=600697&netType=0&sid=5910022184&pid=2028597139&timestamp=20261008060301&Channel_ID=0116_2600000900-99000-201600010010027&ProgramID=637444975&ParentNodeID=-99&assertID=5910022184&client_ip=171.8.79.254&SecurityKey=20261008060301&promotionId=&mvid=5100132656&mcid=500020&playurlVersion=WX-A1-9.9.2-SNAPSHOT&userid=&jmhm=&videocodec=h264&appCode=miguvideo_android&bean=mgspad&tid=android&conFee=0&encrypt=34d9ab0652a4a51c0e4d2338122a6f3b
   速度: 7312.50KB/s | 数据量: 7.3KB | 总耗时: 0.05s | 阈值: 300KB/s
[2026-10-08 09:09:50] ✅ 通过阈值 HTTP测速: http://hlsztemgsplive.miguvideo.com:8080/migu/kailu/wssj/50/20250915/index.m3u8?msisdn=20261008060301947d53451d014f6a83f274fb9dd7c949&mdspid=&spid=600697&netType=0&sid=5910022201&pid=2028597139&timestamp=20261008060301&Channel_ID=0116_2600000900-99000-201600010010027&ProgramID=958475359&ParentNodeID=-99&assertID=5910022201&client_ip=171.8.79.254&SecurityKey=20261008060301&promotionId=&mvid=5900006724&mcid=500020&playurlVersion=WX-A1-9.9.2-SNAPSHOT&userid=&jmhm=&videocodec=h264&appCode=miguvideo_android&bean=mgspad&tid=android&conFee=0&encrypt=0fd0a6e4fa647bfd64375c39d21faccb
   速度: 7312.50KB/s | 数据量: 7.3KB | 总耗时: 0.02s | 阈值: 300KB/s
[2026-10-08 09:09:50] ✅ 通过阈值 HTTP测速: http://hlsztemgsplive.miguvideo.com:8080/envivo_w/2018/SD/qinghai/1000/index.m3u8?msisdn=20261008060303c684cea1a61049fcb5cbf82566fe0acd&mdspid=&spid=600633&netType=0&sid=5910022166&pid=2028597139&timestamp=20261008060303&Channel_ID=0116_2600000900-99000-201600010010027&ProgramID=947472506&ParentNodeID=-99&assertID=5910022166&client_ip=171.8.79.254&SecurityKey=20261008060303&promotionId=&mvid=5900004353&mcid=500020&playurlVersion=WX-A1-9.9.2-SNAPSHOT&userid=&jmhm=&videocodec=h264&appCode=miguvideo_android&bean=mgspad&tid=android&conFee=0&encrypt=92aedc9185ffb070145adaad91ff04c1
   速度: 7312.50KB/s | 数据量: 7.3KB | 总耗时: 0.02s | 阈值: 300KB/s
[2026-10-08 09:09:50] ✅ 通过阈值 HTTP测速: http://hlsztemgsplive.miguvideo.com:8080/migu/kailu/ydcmklcd/50/20251225/index.m3u8?msisdn=202610080603019c47514aa4e14d8db3bb309a613cce70&mdspid=&spid=600603&netType=0&sid=5910022317&pid=2028597139&timestamp=20261008060301&Channel_ID=0116_2600000900-99000-201600010010027&ProgramID=961930263&ParentNodeID=-99&assertID=5910022317&client_ip=171.8.79.254&SecurityKey=20261008060301&promotionId=&mvid=5900006783&mcid=500020&playurlVersion=WX-A1-9.9.2-SNAPSHOT&userid=&jmhm=&videocodec=h264&appCode=miguvideo_android&bean=mgspad&tid=android&conFee=0&encrypt=b6e43c0b6a075d9b165bf83c2945310f
   速度: 7312.50KB/s | 数据量: 7.3KB | 总耗时: 0.03s | 阈值: 300KB/s
[2026-10-08 09:09:50] ✅ 通过阈值 HTTP测速: http://hlsztemgsplive.miguvideo.com:8080/wd_r4/dfl/xinwenzonghehd/600/index.m3u8?msisdn=202610080603043ae3ae6a5d3a4e6cb43e8f51e2acfe1b&mdspid=&spid=600697&netType=0&sid=5910022325&pid=2028597139&timestamp=20261008060304&Channel_ID=0116_2600000900-99000-201600010010027&ProgramID=651632657&ParentNodeID=-99&assertID=5910022325&client_ip=171.8.79.254&SecurityKey=20261008060304&promotionId=&mvid=5100001716&mcid=500020&playurlVersion=WX-A1-9.9.2-SNAPSHOT&userid=&jmhm=&videocodec=h264&appCode=miguvideo_android&bean=mgspad&tid=android&conFee=0&encrypt=fa640bbc615f421519db8d844b44aa38
   速度: 7312.50KB/s | 数据量: 7.3KB | 总耗时: 0.03s | 阈值: 300KB/s
[2026-10-08 09:09:50] ✅ 通过阈值 HTTP测速: http://hlsztemgsplive.miguvideo.com:8080/wd_r4/dfl/dianshijuhd/600/index.m3u8?msisdn=202610080802592c4b289f147548528e6cb3d04bf04d79&mdspid=&spid=699212&netType=0&sid=5500002274&pid=2028597139&timestamp=20261008080259&Channel_ID=0116_2600000900-99000-201600010010027&ProgramID=617290047&ParentNodeID=-99&assertID=5500002274&client_ip=171.8.79.254&SecurityKey=20261008080259&promotionId=&mvid=5100001715&mcid=500020&playurlVersion=WX-A1-9.9.2-SNAPSHOT&userid=&jmhm=&videocodec=h264&appCode=miguvideo_android&bean=mgspad&tid=android&conFee=0&encrypt=210439cd3ae634996d12e1bbad2d2007
   速度: 7312.50KB/s | 数据量: 7.3KB | 总耗时: 0.04s | 阈值: 300KB/s
[2026-10-08 09:09:50] ✅ 通过阈值 HTTP测速: http://hlsztemgsplive.miguvideo.com:8080/migu/kailu/nanjingxwzh/50/20230719/index.m3u8?msisdn=202610080603055d4ef0dea3d94b9cb7ae1be5a820b5d8&mdspid=&spid=699067&netType=0&sid=5910021863&pid=2028597139&timestamp=20261008060305&Channel_ID=0116_2600000900-99000-201600010010027&ProgramID=838109047&ParentNodeID=-99&assertID=5910021863&client_ip=171.8.79.254&SecurityKey=20261008060305&promotionId=&mvid=5900006203&mcid=500020&playurlVersion=WX-A1-9.9.2-SNAPSHOT&userid=&jmhm=&videocodec=h264&appCode=miguvideo_android&bean=mgspad&tid=android&conFee=0&encrypt=f087025ebe29b3618cc713793db8b48c
   速度: 7312.50KB/s | 数据量: 7.3KB | 总耗时: 0.02s | 阈值: 300KB/s
[2026-10-08 09:09:50] ✅ 通过阈值 HTTP测速: http://hlsztemgsplive.miguvideo.com:8080/wd_r1/2018/bestv/dycj/1000/index.m3u8?msisdn=202610080603043fe0374a14c043debeb06fb2d6e04602&mdspid=&spid=699212&netType=0&sid=2201008312&pid=2028597139&timestamp=20261008060304&Channel_ID=0116_2600000900-99000-201600010010027&ProgramID=608780988&ParentNodeID=-99&assertID=2201008312&client_ip=171.8.79.254&SecurityKey=20261008060304&promotionId=&mvid=2201008312&mcid=500020&playurlVersion=WX-A1-9.9.2-SNAPSHOT&userid=&jmhm=&videocodec=h264&appCode=miguvideo_android&bean=mgspad&tid=android&conFee=0&encrypt=7cddc24b3dc6b6943a1f603fa38fd0cd
   速度: 7312.50KB/s | 数据量: 7.3KB | 总耗时: 0.05s | 阈值: 300KB/s
[2026-10-08 09:09:50] ✅ 通过阈值 HTTP测速: http://hlsztemgsplive.miguvideo.com:8080/migu/kailu/nanjingkj/50/20230719/index.m3u8?msisdn=202610080603051ffd9c59df724779b8f6aa2f304e9cea&mdspid=&spid=699067&netType=0&sid=5910021865&pid=2028597139&timestamp=20261008060305&Channel_ID=0116_2600000900-99000-201600010010027&ProgramID=838153729&ParentNodeID=-99&assertID=5910021865&client_ip=171.8.79.254&SecurityKey=20261008060305&promotionId=&mvid=5900006205&mcid=500020&playurlVersion=WX-A1-9.9.2-SNAPSHOT&userid=&jmhm=&videocodec=h264&appCode=miguvideo_android&bean=mgspad&tid=android&conFee=0&encrypt=782ac11a4fa5715e8dae3d0d035bb7c8
   速度: 7312.50KB/s | 数据量: 7.3KB | 总耗时: 0.02s | 阈值: 300KB/s
[2026-10-08 09:09:50] ✅ 通过阈值 HTTP测速: http://hlsztemgsplive.miguvideo.com:8080/migu/kailu/nanjingsb/50/20230719/index.m3u8?msisdn=20261008060305767de6beb8fe4980988733a85f45ad03&mdspid=&spid=699067&netType=0&sid=5910021864&pid=2028597139&timestamp=20261008060305&Channel_ID=0116_2600000900-99000-201600010010027&ProgramID=838151753&ParentNodeID=-99&assertID=5910021864&client_ip=171.8.79.254&SecurityKey=20261008060305&promotionId=&mvid=5900006207&mcid=500020&playurlVersion=WX-A1-9.9.2-SNAPSHOT&userid=&jmhm=&videocodec=h264&appCode=miguvideo_android&bean=mgspad&tid=android&conFee=0&encrypt=b92f2bc546779298c80a1de84b07288c
   速度: 7312.50KB/s | 数据量: 7.3KB | 总耗时: 0.02s | 阈值: 300KB/s
[2026-10-08 09:09:50] ✅ 通过阈值 HTTP测速: http://hlsztemgsplive.miguvideo.com:8080/wd_r2/jstv/jstiyu/600/index.m3u8?msisdn=20261008060305ce554fd9f1fb45f2a711791bff3b3285&mdspid=&spid=699067&netType=0&sid=5500260554&pid=2028597139&timestamp=20261008060305&Channel_ID=0116_2600000900-99000-201600010010027&ProgramID=626064707&ParentNodeID=-99&assertID=5500260554&client_ip=171.8.79.254&SecurityKey=20261008060305&promotionId=&mvid=5100186459&mcid=500020&playurlVersion=WX-A1-9.9.2-SNAPSHOT&userid=&jmhm=&videocodec=h264&appCode=miguvideo_android&bean=mgspad&tid=android&conFee=0&encrypt=8f00f989e2f2802c94e8596c8b94ea74
   速度: 7312.50KB/s | 数据量: 7.3KB | 总耗时: 0.02s | 阈值: 300KB/s
[2026-10-08 09:09:50] ✅ 通过阈值 HTTP测速: http://hlsztemgsplive.miguvideo.com:8080/wd_r2/jstv/jschengshi/600/index.m3u8?msisdn=202610080603059219e1d4a2904348b676517e72e3001f&mdspid=&spid=699067&netType=0&sid=5500260508&pid=2028597139&timestamp=20261008060305&Channel_ID=0116_2600000900-99000-201600010010027&ProgramID=626064714&ParentNodeID=-99&assertID=5500260508&client_ip=171.8.79.254&SecurityKey=20261008060305&promotionId=&mvid=5100186409&mcid=500020&playurlVersion=WX-A1-9.9.2-SNAPSHOT&userid=&jmhm=&videocodec=h264&appCode=miguvideo_android&bean=mgspad&tid=android&conFee=0&encrypt=fa977b2fb7e09df65ab70d91a1cd9b75
   速度: 7312.50KB/s | 数据量: 7.3KB | 总耗时: 0.03s | 阈值: 300KB/s
[2026-10-08 09:09:50] ✅ 通过阈值 HTTP测速: http://hlsztemgsplive.miguvideo.com:8080/wd_r2/jstv/jsguoji/600/index.m3u8?msisdn=2026100806030562bbec83fa384425a66c311934d29f18&mdspid=&spid=699067&netType=0&sid=5500260577&pid=2028597139&timestamp=20261008060305&Channel_ID=0116_2600000900-99000-201600010010027&ProgramID=626064674&ParentNodeID=-99&assertID=5500260577&client_ip=171.8.79.254&SecurityKey=20261008060305&promotionId=&mvid=5100186482&mcid=500020&playurlVersion=WX-A1-9.9.2-SNAPSHOT&userid=&jmhm=&videocodec=h264&appCode=miguvideo_android&bean=mgspad&tid=android&conFee=0&encrypt=7f10444800086582a629a14ee8bbeb5d
   速度: 7312.50KB/s | 数据量: 7.3KB | 总耗时: 0.02s | 阈值: 300KB/s
[2026-10-08 09:09:50] ✅ 通过阈值 HTTP测速: http://ali-xwl.cztv.com/live/channel011080Plxw.m3u8
   速度: 345.70KB/s | 数据量: 0.3KB | 总耗时: 0.72s | 阈值: 300KB/s
[2026-10-08 09:09:50] ✅ 通过阈值 HTTP测速: http://hlsztemgsplive.miguvideo.com:8080/wd_r2/jstv/jsjiaoyu/600/index.m3u8?msisdn=202610080603061f7f6e42d03a4193a0c645c6e3fc30d1&mdspid=&spid=699067&netType=0&sid=5500287493&pid=2028597139&timestamp=20261008060306&Channel_ID=0116_2600000900-99000-201600010010027&ProgramID=628008321&ParentNodeID=-99&assertID=5500287493&client_ip=171.8.79.254&SecurityKey=20261008060306&promotionId=&mvid=5101012819&mcid=500020&playurlVersion=WX-A1-9.9.2-SNAPSHOT&userid=&jmhm=&videocodec=h264&appCode=miguvideo_android&bean=mgspad&tid=android&conFee=0&encrypt=e891f3b87313162f354c98bbe5b89501
   速度: 7312.50KB/s | 数据量: 7.3KB | 总耗时: 0.02s | 阈值: 300KB/s
[2026-10-08 09:09:50] ✅ 通过阈值 HTTP测速: http://hlsztemgsplive.miguvideo.com:8080/wd_r2/jstv/jsyingshi/600/index.m3u8?msisdn=2026100806030630ee256c617a40d39376642ba3ef13bc&mdspid=&spid=699067&netType=0&sid=5500260517&pid=2028597139&timestamp=20261008060306&Channel_ID=0116_2600000900-99000-201600010010027&ProgramID=626064697&ParentNodeID=-99&assertID=5500260517&client_ip=171.8.79.254&SecurityKey=20261008060306&promotionId=&mvid=5100186424&mcid=500020&playurlVersion=WX-A1-9.9.2-SNAPSHOT&userid=&jmhm=&videocodec=h264&appCode=miguvideo_android&bean=mgspad&tid=android&conFee=0&encrypt=53f9d3668ce150e7e390130770976f24
   速度: 7312.50KB/s | 数据量: 7.3KB | 总耗时: 0.03s | 阈值: 300KB/s
[2026-10-08 09:09:50] ✅ 通过阈值 HTTP测速: http://hlsztemgsplive.miguvideo.com:8080/wd_r2/jstv/jszongyi/600/index.m3u8?msisdn=20261008060306b5edb18aa206415384da20ce3e6f3550&mdspid=&spid=699067&netType=0&sid=5500260513&pid=2028597139&timestamp=20261008060306&Channel_ID=0116_2600000900-99000-201600010010027&ProgramID=626065193&ParentNodeID=-99&assertID=5500260513&client_ip=171.8.79.254&SecurityKey=20261008060306&promotionId=&mvid=5100186420&mcid=500020&playurlVersion=WX-A1-9.9.2-SNAPSHOT&userid=&jmhm=&videocodec=h264&appCode=miguvideo_android&bean=mgspad&tid=android&conFee=0&encrypt=d47717487ff0605030d0f39e3abc4f20
   速度: 7312.50KB/s | 数据量: 7.3KB | 总耗时: 0.02s | 阈值: 300KB/s
[2026-10-08 09:09:50] ✅ 通过阈值 HTTP测速: http://hlsztemgsplive.miguvideo.com:8080/wd_r2/jstv/jsgonggong/600/index.m3u8?msisdn=2026100806030653dfcd892a434c50bccd7bc58e8ae73d&mdspid=&spid=699067&netType=0&sid=5500260520&pid=2028597139&timestamp=20261008060306&Channel_ID=0116_2600000900-99000-201600010010027&ProgramID=626064693&ParentNodeID=-99&assertID=5500260520&client_ip=171.8.79.254&SecurityKey=20261008060306&promotionId=&mvid=5100186429&mcid=500020&playurlVersion=WX-A1-9.9.2-SNAPSHOT&userid=&jmhm=&videocodec=h264&appCode=miguvideo_android&bean=mgspad&tid=android&conFee=0&encrypt=d12dbd7944776b9286ac1205a1500ac9
   速度: 7312.50KB/s | 数据量: 7.3KB | 总耗时: 0.02s | 阈值: 300KB/s
[2026-10-08 09:09:50] ✅ 通过阈值 HTTP测速: http://hlsztemgsplive.miguvideo.com:8080/migu/kailu/ycxwzh/50/20250604/index.m3u8?msisdn=202610080603069829d118bc2f4afeb9310936c9d4c448&mdspid=&spid=699067&netType=0&sid=5500469360&pid=2028597139&timestamp=20261008060306&Channel_ID=0116_2600000900-99000-201600010010027&ProgramID=639731825&ParentNodeID=-99&assertID=5500469360&client_ip=171.8.79.254&SecurityKey=20261008060306&promotionId=&mvid=5102012617&mcid=500020&playurlVersion=WX-A1-9.9.2-SNAPSHOT&userid=&jmhm=&videocodec=h264&appCode=miguvideo_android&bean=mgspad&tid=android&conFee=0&encrypt=9719a5ea0280260a8474447f8e74efd2
   速度: 7312.50KB/s | 数据量: 7.3KB | 总耗时: 0.02s | 阈值: 300KB/s
[2026-10-08 09:09:50] ✅ 通过阈值 HTTP测速: http://hlsztemgsplive.miguvideo.com:8080/wd_r2/jstv/tzxinwenzonghe/600/index.m3u8?msisdn=20261008060307526fed66fb8c4f8c83f1ae306a6be3d9&mdspid=&spid=699067&netType=0&sid=5500469354&pid=2028597139&timestamp=20261008060307&Channel_ID=0116_2600000900-99000-201600010010027&ProgramID=639731818&ParentNodeID=-99&assertID=5500469354&client_ip=171.8.79.254&SecurityKey=20261008060307&promotionId=&mvid=5102012615&mcid=500020&playurlVersion=WX-A1-9.9.2-SNAPSHOT&userid=&jmhm=&videocodec=h264&appCode=miguvideo_android&bean=mgspad&tid=android&conFee=0&encrypt=aef4ab3a169839a2a00799ce608b1273
   速度: 7312.50KB/s | 数据量: 7.3KB | 总耗时: 0.02s | 阈值: 300KB/s
[2026-10-08 09:09:50] ✅ 通过阈值 HTTP测速: http://hlsztemgsplive.miguvideo.com:8080/wd_r2/jstv/haxinwenzonghe/600/index.m3u8?msisdn=20261008060306ab77a979f8e240cb90c28f3d399b76f6&mdspid=&spid=699067&netType=0&sid=5500469363&pid=2028597139&timestamp=20261008060306&Channel_ID=0116_2600000900-99000-201600010010027&ProgramID=639731826&ParentNodeID=-99&assertID=5500469363&client_ip=171.8.79.254&SecurityKey=20261008060306&promotionId=&mvid=5102012618&mcid=500020&playurlVersion=WX-A1-9.9.2-SNAPSHOT&userid=&jmhm=&videocodec=h264&appCode=miguvideo_android&bean=mgspad&tid=android&conFee=0&encrypt=d653e09567ef4501c1081e1d918b1f4a
   速度: 7312.50KB/s | 数据量: 7.3KB | 总耗时: 0.03s | 阈值: 300KB/s
[2026-10-08 09:09:50] ✅ 通过阈值 HTTP测速: http://hlsztemgsplive.miguvideo.com:8080/wd_r2/jstv/sqxinwenzonghe/600/index.m3u8?msisdn=20261008060307801b04ba330a4fe7908ffdc976b46012&mdspid=&spid=699067&netType=0&sid=5500469357&pid=2028597139&timestamp=20261008060307&Channel_ID=0116_2600000900-99000-201600010010027&ProgramID=639731832&ParentNodeID=-99&assertID=5500469357&client_ip=171.8.79.254&SecurityKey=20261008060307&promotionId=&mvid=5102012616&mcid=500020&playurlVersion=WX-A1-9.9.2-SNAPSHOT&userid=&jmhm=&videocodec=h264&appCode=miguvideo_android&bean=mgspad&tid=android&conFee=0&encrypt=8ca45574b76deee7612de8e086863352
   速度: 7312.50KB/s | 数据量: 7.3KB | 总耗时: 0.02s | 阈值: 300KB/s
[2026-10-08 09:09:50] ✅ 通过阈值 HTTP测速: http://hlsztemgsplive.miguvideo.com:8080/wd_r2/jstv/lygxinwenzonghe/600/index.m3u8?msisdn=202610080603076d03aa30e8534579ad4afd0ae934eef5&mdspid=&spid=699067&netType=0&sid=5500469369&pid=2028597139&timestamp=20261008060307&Channel_ID=0116_2600000900-99000-201600010010027&ProgramID=639731715&ParentNodeID=-99&assertID=5500469369&client_ip=171.8.79.254&SecurityKey=20261008060307&promotionId=&mvid=5102012621&mcid=500020&playurlVersion=WX-A1-9.9.2-SNAPSHOT&userid=&jmhm=&videocodec=h264&appCode=miguvideo_android&bean=mgspad&tid=android&conFee=0&encrypt=85d5457380e6cbc54564ce132fdab912
   速度: 7312.50KB/s | 数据量: 7.3KB | 总耗时: 0.03s | 阈值: 300KB/s
[2026-10-08 09:09:50] ✅ 通过阈值 HTTP测速: http://hlsztemgsplive.miguvideo.com:8080/wd_r2/jstv/xzxinwenzonghe/600/index.m3u8?msisdn=20261008060307fb5748cde2ff4e62a3bf029bb0522275&mdspid=&spid=699067&netType=0&sid=5500469368&pid=2028597139&timestamp=20261008060307&Channel_ID=0116_2600000900-99000-201600010010027&ProgramID=639731747&ParentNodeID=-99&assertID=5500469368&client_ip=171.8.79.254&SecurityKey=20261008060307&promotionId=&mvid=5102012620&mcid=500020&playurlVersion=WX-A1-9.9.2-SNAPSHOT&userid=&jmhm=&videocodec=h264&appCode=miguvideo_android&bean=mgspad&tid=android&conFee=0&encrypt=b95b2285c448a231b374257e7f525e57
   速度: 7312.50KB/s | 数据量: 7.3KB | 总耗时: 0.02s | 阈值: 300KB/s
[2026-10-08 09:09:50] ✅ 通过阈值 HTTP测速: http://hlsztemgsplive.miguvideo.com:8080/wd_r2/jstv/ymkt/600/index.m3u8?msisdn=20261008060307a553cd02a6ec40a69fc9fdcc32ddb121&mdspid=&spid=699067&netType=0&sid=5500260553&pid=2028597139&timestamp=20261008060307&Channel_ID=0116_2600000900-99000-201600010010027&ProgramID=626064703&ParentNodeID=-99&assertID=5500260553&client_ip=171.8.79.254&SecurityKey=20261008060307&promotionId=&mvid=5100186455&mcid=500020&playurlVersion=WX-A1-9.9.2-SNAPSHOT&userid=&jmhm=&videocodec=h264&appCode=miguvideo_android&bean=mgspad&tid=android&conFee=0&encrypt=6a6e09390b308b4db88bbf23383a8dab
   速度: 7312.50KB/s | 数据量: 7.3KB | 总耗时: 0.02s | 阈值: 300KB/s
[2026-10-08 09:09:50] ✅ 通过阈值 HTTP测速: http://hlsztemgsplive.miguvideo.com:8080/migu/kailu/jyxwzh/50/20250604/index.m3u8?msisdn=20261008060307433b337e459c4354a52ddeca64739834&mdspid=&spid=699067&netType=0&sid=5910022177&pid=2028597139&timestamp=20261008060307&Channel_ID=0116_2600000900-99000-201600010010027&ProgramID=955227979&ParentNodeID=-99&assertID=5910022177&client_ip=171.8.79.254&SecurityKey=20261008060307&promotionId=&mvid=5900006705&mcid=500020&playurlVersion=WX-A1-9.9.2-SNAPSHOT&userid=&jmhm=&videocodec=h264&appCode=miguvideo_android&bean=mgspad&tid=android&conFee=0&encrypt=09e8f38dfe97ea495852075838e464ef
   速度: 7312.50KB/s | 数据量: 7.3KB | 总耗时: 0.02s | 阈值: 300KB/s
[2026-10-08 09:09:50] ✅ 通过阈值 HTTP测速: http://hlsztemgsplive.miguvideo.com:8080/migu/kailu/ntxwzh/50/20250604/index.m3u8?msisdn=20261008060308357d2d6beda14584a4180142d29c3e7e&mdspid=&spid=699067&netType=0&sid=5910022178&pid=2028597139&timestamp=20261008060308&Channel_ID=0116_2600000900-99000-201600010010027&ProgramID=955227985&ParentNodeID=-99&assertID=5910022178&client_ip=171.8.79.254&SecurityKey=20261008060308&promotionId=&mvid=5900006706&mcid=500020&playurlVersion=WX-A1-9.9.2-SNAPSHOT&userid=&jmhm=&videocodec=h264&appCode=miguvideo_android&bean=mgspad&tid=android&conFee=0&encrypt=f0d4515ac1cd34d3579e57c12f30cc96
   速度: 7312.50KB/s | 数据量: 7.3KB | 总耗时: 0.02s | 阈值: 300KB/s
[2026-10-08 09:09:50] 🚫 未达阈值 HTTP测速: http://120.40.39.246:352/newlive/live/hls/30/live.m3u8
   速度: 232.42KB/s | 数据量: 0.2KB | 总耗时: 1.51s | 阈值: 300KB/s
[2026-10-08 09:09:50] ✅ 通过阈值 HTTP测速: http://hlsztemgsplive.miguvideo.com:8080/migu/kailu/yxxwzh/50/20250604/index.m3u8?msisdn=20261008060308f86a530a21be4a92a239d1f4aa270e41&mdspid=&spid=699067&netType=0&sid=5910022179&pid=2028597139&timestamp=20261008060308&Channel_ID=0116_2600000900-99000-201600010010027&ProgramID=955227996&ParentNodeID=-99&assertID=5910022179&client_ip=171.8.79.254&SecurityKey=20261008060308&promotionId=&mvid=5900006707&mcid=500020&playurlVersion=WX-A1-9.9.2-SNAPSHOT&userid=&jmhm=&videocodec=h264&appCode=miguvideo_android&bean=mgspad&tid=android&conFee=0&encrypt=aa88256b678e5dc541fd2434cf53a812
   速度: 7312.50KB/s | 数据量: 7.3KB | 总耗时: 0.02s | 阈值: 300KB/s
[2026-10-08 09:09:50] ✅ 通过阈值 HTTP测速: http://hlsztemgsplive.miguvideo.com:8080/migu/kailu/wxxwzh/50/20250604/index.m3u8?msisdn=2026100806030866752cf206214accaaf7cb79bf541f3f&mdspid=&spid=699067&netType=0&sid=5500469349&pid=2028597139&timestamp=20261008060308&Channel_ID=0116_2600000900-99000-201600010010027&ProgramID=639737327&ParentNodeID=-99&assertID=5500469349&client_ip=171.8.79.254&SecurityKey=20261008060308&promotionId=&mvid=5102012612&mcid=500020&playurlVersion=WX-A1-9.9.2-SNAPSHOT&userid=&jmhm=&videocodec=h264&appCode=miguvideo_android&bean=mgspad&tid=android&conFee=0&encrypt=ccfeab85e5d0ec2db27e3c27810ada95
   速度: 7312.50KB/s | 数据量: 7.3KB | 总耗时: 0.02s | 阈值: 300KB/s
[2026-10-08 09:09:50] ✅ 通过阈值 HTTP测速: http://hlsztemgsplive.miguvideo.com:8080/migu/kailu/sxylpd/50/20250804/index.m3u8?msisdn=20261008060308e08bf9d6a48941419933d99f8467effc&mdspid=&spid=600572&netType=0&sid=5910022191&pid=2028597139&timestamp=20261008060308&Channel_ID=0116_2600000900-99000-201600010010027&ProgramID=956909362&ParentNodeID=-99&assertID=5910022191&client_ip=171.8.79.254&SecurityKey=20261008060308&promotionId=&mvid=5900006714&mcid=500020&playurlVersion=WX-A1-9.9.2-SNAPSHOT&userid=&jmhm=&videocodec=h264&appCode=miguvideo_android&bean=mgspad&tid=android&conFee=0&encrypt=dfff124905383c4036a8628f6cfe1be5
   速度: 7312.50KB/s | 数据量: 7.3KB | 总耗时: 0.03s | 阈值: 300KB/s
[2026-10-08 09:09:50] ✅ 通过阈值 HTTP测速: http://hlsztemgsplive.miguvideo.com:8080/migu/kailu/sxqqpd/50/20250804/index.m3u8?msisdn=20261008060308ed8ab5d625ea465eb02228e2203b4d43&mdspid=&spid=600572&netType=0&sid=5910022188&pid=2028597139&timestamp=20261008060308&Channel_ID=0116_2600000900-99000-201600010010027&ProgramID=956909303&ParentNodeID=-99&assertID=5910022188&client_ip=171.8.79.254&SecurityKey=20261008060308&promotionId=&mvid=5900006711&mcid=500020&playurlVersion=WX-A1-9.9.2-SNAPSHOT&userid=&jmhm=&videocodec=h264&appCode=miguvideo_android&bean=mgspad&tid=android&conFee=0&encrypt=b966cdbfa9718fd74587b383643cffdf
   速度: 7312.50KB/s | 数据量: 7.3KB | 总耗时: 0.03s | 阈值: 300KB/s
[2026-10-08 09:09:50] ✅ 通过阈值 HTTP测速: http://hlsztemgsplive.miguvideo.com:8080/migu/kailu/sxdsqc/50/20250804/index.m3u8?msisdn=202610080603083898c523ba08427ba425e1efdc471cc5&mdspid=&spid=600572&netType=0&sid=5910022190&pid=2028597139&timestamp=20261008060308&Channel_ID=0116_2600000900-99000-201600010010027&ProgramID=956909358&ParentNodeID=-99&assertID=5910022190&client_ip=171.8.79.254&SecurityKey=20261008060308&promotionId=&mvid=5900006713&mcid=500020&playurlVersion=WX-A1-9.9.2-SNAPSHOT&userid=&jmhm=&videocodec=h264&appCode=miguvideo_android&bean=mgspad&tid=android&conFee=0&encrypt=2d72d175203fb16f3648407010945392
   速度: 7312.50KB/s | 数据量: 7.3KB | 总耗时: 0.04s | 阈值: 300KB/s
[2026-10-08 09:09:50] ✅ 通过阈值 HTTP测速: http://ali-xwl.cztv.com/live/channel01720Plxw.m3u8
   速度: 474.61KB/s | 数据量: 0.5KB | 总耗时: 0.72s | 阈值: 300KB/s
[2026-10-08 09:09:50] ✅ 通过阈值 HTTP测速: http://hlsztemgsplive.miguvideo.com:8080/migu/kailu/zjxwzh/50/20251127/index.m3u8?msisdn=20261008060309f6ca716b231b4bf58baa95fb3cef6095&mdspid=&spid=699067&netType=0&sid=5500469365&pid=2028597139&timestamp=20261008060309&Channel_ID=0116_2600000900-99000-201600010010027&ProgramID=639731783&ParentNodeID=-99&assertID=5500469365&client_ip=171.8.79.254&SecurityKey=20261008060309&promotionId=&mvid=5102012619&mcid=500020&playurlVersion=WX-A1-9.9.2-SNAPSHOT&userid=&jmhm=&videocodec=h264&appCode=miguvideo_android&bean=mgspad&tid=android&conFee=0&encrypt=11507bbbea417f7a6f0f7cd9ce421f71
   速度: 7312.50KB/s | 数据量: 7.3KB | 总耗时: 0.02s | 阈值: 300KB/s
[2026-10-08 09:09:50] ✅ 通过阈值 HTTP测速: http://hlsztemgsplive.miguvideo.com:8080/migu/kailu/sxxwzx/50/20250804/index.m3u8?msisdn=20261008060308c17046bfc31b4403916fc3d3061db9f7&mdspid=&spid=600572&netType=0&sid=5910022187&pid=2028597139&timestamp=20261008060308&Channel_ID=0116_2600000900-99000-201600010010027&ProgramID=956909289&ParentNodeID=-99&assertID=5910022187&client_ip=171.8.79.254&SecurityKey=20261008060308&promotionId=&mvid=5900006710&mcid=500020&playurlVersion=WX-A1-9.9.2-SNAPSHOT&userid=&jmhm=&videocodec=h264&appCode=miguvideo_android&bean=mgspad&tid=android&conFee=0&encrypt=c19bb82b347e8aeb4ec7a30583a9c03d
   速度: 7261.09KB/s | 数据量: 7.3KB | 总耗时: 0.03s | 阈值: 300KB/s
[2026-10-08 09:09:50] ✅ 通过阈值 HTTP测速: http://hlsztemgsplive.miguvideo.com:8080/migu/kailu/cftx/50/20250804/index.m3u8?msisdn=20261008060309f279f1363ac945ee908d03090732f7d1&mdspid=&spid=600697&netType=0&sid=5910022193&pid=2028597139&timestamp=20261008060309&Channel_ID=0116_2600000900-99000-201600010010027&ProgramID=956923159&ParentNodeID=-99&assertID=5910022193&client_ip=171.8.79.254&SecurityKey=20261008060309&promotionId=&mvid=5900006715&mcid=500020&playurlVersion=WX-A1-9.9.2-SNAPSHOT&userid=&jmhm=&videocodec=h264&appCode=miguvideo_android&bean=mgspad&tid=android&conFee=0&encrypt=8fb7cf4cc6a37fe7161f1070aaa8d316
   速度: 7312.50KB/s | 数据量: 7.3KB | 总耗时: 0.03s | 阈值: 300KB/s
[2026-10-08 09:09:50] ✅ 通过阈值 HTTP测速: http://hlsztemgsplive.miguvideo.com:8080/migu/kailu/lnysj/50/20251225/index.m3u8?msisdn=202610080603096e81537598ec43c4b48cd7dd02f76fc5&mdspid=&spid=600697&netType=0&sid=5910022326&pid=2028597139&timestamp=20261008060309&Channel_ID=0116_2600000900-99000-201600010010027&ProgramID=962067517&ParentNodeID=-99&assertID=5910022326&client_ip=171.8.79.254&SecurityKey=20261008060309&promotionId=&mvid=5900006789&mcid=500020&playurlVersion=WX-A1-9.9.2-SNAPSHOT&userid=&jmhm=&videocodec=h264&appCode=miguvideo_android&bean=mgspad&tid=android&conFee=0&encrypt=65bc60a92103c3e1e815ec3cdba6ddd7
   速度: 7312.50KB/s | 数据量: 7.3KB | 总耗时: 0.03s | 阈值: 300KB/s
[2026-10-08 09:09:50] ✅ 通过阈值 HTTP测速: http://hlsztemgsplive.miguvideo.com:8080/migu/kailu/lngg/50/20251225/index.m3u8?msisdn=202610080603093ef23b74bdb2462e8a4d682ac2affb0f&mdspid=&spid=600697&netType=0&sid=5910022323&pid=2028597139&timestamp=20261008060309&Channel_ID=0116_2600000900-99000-201600010010027&ProgramID=962045223&ParentNodeID=-99&assertID=5910022323&client_ip=171.8.79.254&SecurityKey=20261008060309&promotionId=&mvid=5900006791&mcid=500020&playurlVersion=WX-A1-9.9.2-SNAPSHOT&userid=&jmhm=&videocodec=h264&appCode=miguvideo_android&bean=mgspad&tid=android&conFee=0&encrypt=ce16302138f713f7ff55d83ca1a2ddb7
   速度: 7312.50KB/s | 数据量: 7.3KB | 总耗时: 0.02s | 阈值: 300KB/s
[2026-10-08 09:09:50] ✅ 通过阈值 HTTP测速: http://hlsztemgsplive.miguvideo.com:8080/migu/kailu/lnsh/50/20251225/index.m3u8?msisdn=20261008060309720960d25d8c4165a71de69eb242726d&mdspid=&spid=600697&netType=0&sid=5910022324&pid=2028597139&timestamp=20261008060309&Channel_ID=0116_2600000900-99000-201600010010027&ProgramID=962045226&ParentNodeID=-99&assertID=5910022324&client_ip=171.8.79.254&SecurityKey=20261008060309&promotionId=&mvid=5900006792&mcid=500020&playurlVersion=WX-A1-9.9.2-SNAPSHOT&userid=&jmhm=&videocodec=h264&appCode=miguvideo_android&bean=mgspad&tid=android&conFee=0&encrypt=1445b6801dedc098f8318cbe440b696b
   速度: 7312.50KB/s | 数据量: 7.3KB | 总耗时: 0.03s | 阈值: 300KB/s
[2026-10-08 09:09:50] ✅ 通过阈值 HTTP测速: http://hlsztemgsplive.miguvideo.com:8080/migu/kailu/lntyxx/50/20251225/index.m3u8?msisdn=2026100806030947f05dd319364d09af825568e1751580&mdspid=&spid=600697&netType=0&sid=5910022329&pid=2028597139&timestamp=20261008060309&Channel_ID=0116_2600000900-99000-201600010010027&ProgramID=962067526&ParentNodeID=-99&assertID=5910022329&client_ip=171.8.79.254&SecurityKey=20261008060309&promotionId=&mvid=5900006790&mcid=500020&playurlVersion=WX-A1-9.9.2-SNAPSHOT&userid=&jmhm=&videocodec=h264&appCode=miguvideo_android&bean=mgspad&tid=android&conFee=0&encrypt=b4144feb22b78796e94e7742578f6e9e
   速度: 7312.50KB/s | 数据量: 7.3KB | 总耗时: 0.03s | 阈值: 300KB/s
[2026-10-08 09:09:50] ✅ 通过阈值 HTTP测速: http://hlsztemgsplive.miguvideo.com:8080/migu/kailu/nxwl/50/20251225/index.m3u8?msisdn=20261008060310de4d83a3f9ff427b816e86a6ef5d9899&mdspid=&spid=600697&netType=0&sid=5910022328&pid=2028597139&timestamp=20261008060310&Channel_ID=0116_2600000900-99000-201600010010027&ProgramID=962067523&ParentNodeID=-99&assertID=5910022328&client_ip=171.8.79.254&SecurityKey=20261008060310&promotionId=&mvid=5900006788&mcid=500020&playurlVersion=WX-A1-9.9.2-SNAPSHOT&userid=&jmhm=&videocodec=h264&appCode=miguvideo_android&bean=mgspad&tid=android&conFee=0&encrypt=f94e204427a06325c1e70cfc29b5835f
   速度: 7312.50KB/s | 数据量: 7.3KB | 总耗时: 0.03s | 阈值: 300KB/s
[2026-10-08 09:09:50] ✅ 通过阈值 HTTP测速: http://hlsztemgsplive.miguvideo.com:8080/migu/kailu/szxwzh/50/20250604/index.m3u8?msisdn=20261008060310066c671e17ed4bcbb0222b74e61aaf79&mdspid=&spid=600697&netType=0&sid=5910022410&pid=2028597139&timestamp=20261008060310&Channel_ID=0116_2600000900-99000-201600010010027&ProgramID=639731952&ParentNodeID=-99&assertID=5910022410&client_ip=171.8.79.254&SecurityKey=20261008060310&promotionId=&mvid=5102012610&mcid=500020&playurlVersion=WX-A1-9.9.2-SNAPSHOT&userid=&jmhm=&videocodec=h264&appCode=miguvideo_android&bean=mgspad&tid=android&conFee=0&encrypt=7ada8d006e7381d106a5c79e90407974
   速度: 7312.50KB/s | 数据量: 7.3KB | 总耗时: 0.03s | 阈值: 300KB/s
[2026-10-08 09:09:50] ✅ 通过阈值 HTTP测速: http://hlsztemgsplive.miguvideo.com:8080/wd_r2/virtuallive/5100180869/75/index.m3u8?msisdn=202610080601401dbab226fd884c2b8a62938d544bd4e1&mdspid=&spid=800033&netType=0&sid=5500242089&pid=2028597139&timestamp=20261008060140&Channel_ID=0116_2600000900-99000-201600010010027&ProgramID=625703337&ParentNodeID=-99&assertID=5500242089&client_ip=171.8.79.254&SecurityKey=20261008060140&promotionId=&mvid=5100180869&mcid=500020&playurlVersion=WX-A1-9.9.2-SNAPSHOT&userid=&jmhm=&videocodec=h264&appCode=miguvideo_android&bean=mgspad&tid=android&conFee=0&encrypt=98eb9a1e8040ca3c574bcc1ddf4210ce
   速度: 7312.50KB/s | 数据量: 7.3KB | 总耗时: 0.02s | 阈值: 300KB/s
[2026-10-08 09:09:50] ✅ 通过阈值 HTTP测速: http://hlsztemgsplive.miguvideo.com:8080/wd-virtuallive5100030975-75/index.m3u8?msisdn=202610080603107841ae54a4b14a4384de6fe296ffc7f3&mdspid=&spid=800033&netType=0&sid=5500035175&pid=2028597139&timestamp=20261008060310&Channel_ID=0116_2600000900-99000-201600010010027&ProgramID=619495952&ParentNodeID=-99&assertID=5500035175&client_ip=171.8.79.254&SecurityKey=20261008060310&promotionId=&mvid=5100030975&mcid=500020&playurlVersion=WX-A1-9.9.2-SNAPSHOT&userid=&jmhm=&videocodec=h264&appCode=miguvideo_android&bean=mgspad&tid=android&conFee=0&encrypt=ba753a1147fd82ba9ee9cceb70d28712
   速度: 7312.50KB/s | 数据量: 7.3KB | 总耗时: 0.02s | 阈值: 300KB/s
[2026-10-08 09:09:50] ✅ 通过阈值 HTTP测速: http://hlsztemgsplive.miguvideo.com:8080/migu/kailu/zgtq/50/20251103/index.m3u8?msisdn=20261008080300263e7eee7c0242af93861778ebd3446a&mdspid=&spid=600697&netType=0&sid=5910022296&pid=2028597139&timestamp=20261008080300&Channel_ID=0116_2600000900-99000-201600010010027&ProgramID=959986621&ParentNodeID=-99&assertID=5910022296&client_ip=171.8.79.254&SecurityKey=20261008080300&promotionId=&mvid=5900006772&mcid=500020&playurlVersion=WX-A1-9.9.2-SNAPSHOT&userid=&jmhm=&videocodec=h264&appCode=miguvideo_android&bean=mgspad&tid=android&conFee=0&encrypt=7ff1efc49b09d2f2887fa3d95c8ab047
   速度: 7312.50KB/s | 数据量: 7.3KB | 总耗时: 0.02s | 阈值: 300KB/s
[2026-10-08 09:09:50] ✅ 通过阈值 HTTP测速: http://hlsztemgsplive.miguvideo.com:8080/migu/virtuallive2/5900002411/50/20210706/index.m3u8?msisdn=20261008080300c55c96744f49489eb454d12e98eb91ee&mdspid=&spid=800033&netType=0&sid=5910019525&pid=2028597139&timestamp=20261008080300&Channel_ID=0116_2600000900-99000-201600010010027&ProgramID=713591450&ParentNodeID=-99&assertID=5910019525&client_ip=171.8.79.254&SecurityKey=20261008080300&promotionId=&mvid=5900002421&mcid=500020&playurlVersion=WX-A1-9.9.2-SNAPSHOT&userid=&jmhm=&videocodec=h264&appCode=miguvideo_android&bean=mgspad&tid=android&conFee=0&encrypt=8d9bbfc34217561add78a327ef323d1f
   速度: 7312.50KB/s | 数据量: 7.3KB | 总耗时: 0.03s | 阈值: 300KB/s
[2026-10-08 09:09:50] ✅ 通过阈值 HTTP测速: http://hlsztemgsplive.miguvideo.com:8080/migu/virtuallive2/5900002413/50/20210706/index.m3u8?msisdn=2026100806031049e1b06c29634466874fae3ee645d71f&mdspid=&spid=800033&netType=0&sid=5910019527&pid=2028597139&timestamp=20261008060310&Channel_ID=0116_2600000900-99000-201600010010027&ProgramID=713600957&ParentNodeID=-99&assertID=5910019527&client_ip=171.8.79.254&SecurityKey=20261008060310&promotionId=&mvid=5900002443&mcid=500020&playurlVersion=WX-A1-9.9.2-SNAPSHOT&userid=&jmhm=&videocodec=h264&appCode=miguvideo_android&bean=mgspad&tid=android&conFee=0&encrypt=8be9c49cf7e994293eadbb6315ad2652
   速度: 7312.50KB/s | 数据量: 7.3KB | 总耗时: 0.04s | 阈值: 300KB/s
[2026-10-08 09:09:50] ✅ 通过阈值 HTTP测速: http://hlsztemgsplive.miguvideo.com:8080/wd_r1/2018/nfmedia/nfys/1000/index.m3u8?msisdn=202610080803007cb372ec901549c0ba2e2709bf7c0ff0&mdspid=&spid=699054&netType=0&sid=2206173738&pid=2028597139&timestamp=20261008080300&Channel_ID=0116_2600000900-99000-201600010010027&ProgramID=614961829&ParentNodeID=-99&assertID=2206173738&client_ip=171.8.79.254&SecurityKey=20261008080300&promotionId=&mvid=2206173738&mcid=500020&playurlVersion=WX-A1-9.9.2-SNAPSHOT&userid=&jmhm=&videocodec=h264&appCode=miguvideo_android&bean=mgspad&tid=android&conFee=0&encrypt=fa0a28283c8ab03cbcb54dafb428d2e8
   速度: 7312.50KB/s | 数据量: 7.3KB | 总耗时: 0.04s | 阈值: 300KB/s
[2026-10-08 09:09:50] ✅ 通过阈值 HTTP测速: http://hlsztemgsplive.miguvideo.com:8080/migu/kailu/sdjyws/50/20250915/index.m3u8?msisdn=202610080803015558b97588bf487abcbc5b97421bf272&mdspid=&spid=600697&netType=0&sid=5910022199&pid=2028597139&timestamp=20261008080301&Channel_ID=0116_2600000900-99000-201600010010027&ProgramID=609154353&ParentNodeID=-99&assertID=5910022199&client_ip=171.8.79.254&SecurityKey=20261008080301&promotionId=&mvid=2200208305&mcid=500020&playurlVersion=WX-A1-9.9.2-SNAPSHOT&userid=&jmhm=&videocodec=h264&appCode=miguvideo_android&bean=mgspad&tid=android&conFee=0&encrypt=afb63df5913de548b6ee0e3533987096
   速度: 7312.50KB/s | 数据量: 7.3KB | 总耗时: 0.02s | 阈值: 300KB/s
[2026-10-08 09:09:50] ✅ 通过阈值 HTTP测速: http://hlsztemgsplive.miguvideo.com:8080/migu/kailu/cetv2/50/20240709/index.m3u8?msisdn=20261008080301b901ad9cacd64d6cbc673575451c67c7&mdspid=&spid=699004&netType=0&sid=5910022152&pid=2028597139&timestamp=20261008080301&Channel_ID=0116_2600000900-99000-201600010010027&ProgramID=923287211&ParentNodeID=-99&assertID=5910022152&client_ip=171.8.79.254&SecurityKey=20261008080301&promotionId=&mvid=5900006638&mcid=500020&playurlVersion=WX-A1-9.9.2-SNAPSHOT&userid=&jmhm=&videocodec=h264&appCode=miguvideo_android&bean=mgspad&tid=android&conFee=0&encrypt=387ba5fa3b7c134b264f351f90e057f4
   速度: 7312.50KB/s | 数据量: 7.3KB | 总耗时: 0.03s | 阈值: 300KB/s
[2026-10-08 09:09:50] ✅ 通过阈值 HTTP测速: http://hlsztemgsplive.miguvideo.com:8080/ws_x/2018/xiongmao/HD/1000/index.m3u8?msisdn=202610080803019f5ee6d14e4842a9aa2151d98b2c73ce&mdspid=&spid=699004&netType=0&sid=2202634723&pid=2028597139&timestamp=20261008080301&Channel_ID=0116_2600000900-99000-201600010010027&ProgramID=609158151&ParentNodeID=-99&assertID=2202634723&client_ip=171.8.79.254&SecurityKey=20261008080301&promotionId=&mvid=2202634723&mcid=500020&playurlVersion=WX-A1-9.9.2-SNAPSHOT&userid=&jmhm=&videocodec=h264&appCode=miguvideo_android&bean=mgspad&tid=android&conFee=0&encrypt=764655c545629bac4f3c4efc3f4079b3
   速度: 7312.50KB/s | 数据量: 7.3KB | 总耗时: 0.02s | 阈值: 300KB/s
[2026-10-08 09:09:50] ✅ 通过阈值 HTTP测速: http://hlsztemgsplive.miguvideo.com:8080/migu/kailu/cetv4/50/20240709/index.m3u8?msisdn=20261008080301fff3b09a21da457a887aa6e8b20b5424&mdspid=&spid=699004&netType=0&sid=5910022154&pid=2028597139&timestamp=20261008080301&Channel_ID=0116_2600000900-99000-201600010010027&ProgramID=923287339&ParentNodeID=-99&assertID=5910022154&client_ip=171.8.79.254&SecurityKey=20261008080301&promotionId=&mvid=5900006640&mcid=500020&playurlVersion=WX-A1-9.9.2-SNAPSHOT&userid=&jmhm=&videocodec=h264&appCode=miguvideo_android&bean=mgspad&tid=android&conFee=0&encrypt=47a60e74aee52e5ab520e60494e3f05a
   速度: 7312.50KB/s | 数据量: 7.3KB | 总耗时: 0.03s | 阈值: 300KB/s
[2026-10-08 09:09:50] ✅ 通过阈值 HTTP测速: http://hlsztemgsplive.miguvideo.com:8080/migu/kailu/cetv1/50/20240709/index.m3u8?msisdn=202610080803008b72d773b3884dfdab8c842f1618c97c&mdspid=&spid=699004&netType=0&sid=5910022150&pid=2028597139&timestamp=20261008080300&Channel_ID=0116_2600000900-99000-201600010010027&ProgramID=923287154&ParentNodeID=-99&assertID=5910022150&client_ip=171.8.79.254&SecurityKey=20261008080300&promotionId=&mvid=5900006636&mcid=500020&playurlVersion=WX-A1-9.9.2-SNAPSHOT&userid=&jmhm=&videocodec=h264&appCode=miguvideo_android&bean=mgspad&tid=android&conFee=0&encrypt=484907fccb517fa939f7e90cd08f95ef
   速度: 7312.50KB/s | 数据量: 7.3KB | 总耗时: 0.04s | 阈值: 300KB/s
[2026-10-08 09:09:50] ✅ 通过阈值 HTTP测速: http://hlsztemgsplive.miguvideo.com:8080/envivo_x/2018/SD/xiongmao01/1000/index.m3u8?msisdn=202610080803012eb40adfef174394bee5966254ba2da6&mdspid=&spid=699004&netType=0&sid=2200200699&pid=2028597139&timestamp=20261008080301&Channel_ID=0116_2600000900-99000-201600010010027&ProgramID=608933610&ParentNodeID=-99&assertID=2200200699&client_ip=171.8.79.254&SecurityKey=20261008080301&promotionId=&mvid=2200200699&mcid=500020&playurlVersion=WX-A1-9.9.2-SNAPSHOT&userid=&jmhm=&videocodec=h264&appCode=miguvideo_android&bean=mgspad&tid=android&conFee=0&encrypt=48fff18a8caaf46bf22ca54f6810cfdf
   速度: 7312.50KB/s | 数据量: 7.3KB | 总耗时: 0.02s | 阈值: 300KB/s
[2026-10-08 09:09:50] 🚫 未达阈值 HTTP测速: http://38.75.136.137:98/gslb/dsdqpub/zjwshd.m3u8?auth=testpub
   速度: 164.06KB/s | 数据量: 0.2KB | 总耗时: 0.77s | 阈值: 300KB/s
[2026-10-08 09:09:50] ✅ 通过阈值 HTTP测速: http://hlsztemgsplive.miguvideo.com:8080/envivo_x/2018/SD/xiongmao04/1000/index.m3u8?msisdn=20261008080302a01433f942db49d5b7a2d51119221073&mdspid=&spid=699004&netType=0&sid=2200200771&pid=2028597139&timestamp=20261008080302&Channel_ID=0116_2600000900-99000-201600010010027&ProgramID=608934721&ParentNodeID=-99&assertID=2200200771&client_ip=171.8.79.254&SecurityKey=20261008080302&promotionId=&mvid=2200200771&mcid=500020&playurlVersion=WX-A1-9.9.2-SNAPSHOT&userid=&jmhm=&videocodec=h264&appCode=miguvideo_android&bean=mgspad&tid=android&conFee=0&encrypt=a1a63fb52707601cdec1c11c4be546cc
   速度: 7312.50KB/s | 数据量: 7.3KB | 总耗时: 0.03s | 阈值: 300KB/s
[2026-10-08 09:09:50] ✅ 通过阈值 HTTP测速: http://hlsztemgsplive.miguvideo.com:8080/envivo_x/2018/SD/xiongmao03/1000/index.m3u8?msisdn=20261008080302de2ecf1f90624d5db5cd34b02039669f&mdspid=&spid=699004&netType=0&sid=2200200738&pid=2028597139&timestamp=20261008080302&Channel_ID=0116_2600000900-99000-201600010010027&ProgramID=608934619&ParentNodeID=-99&assertID=2200200738&client_ip=171.8.79.254&SecurityKey=20261008080302&promotionId=&mvid=2200200738&mcid=500020&playurlVersion=WX-A1-9.9.2-SNAPSHOT&userid=&jmhm=&videocodec=h264&appCode=miguvideo_android&bean=mgspad&tid=android&conFee=0&encrypt=0a40e7d7c3b99db19f7df746188563f4
   速度: 7312.50KB/s | 数据量: 7.3KB | 总耗时: 0.03s | 阈值: 300KB/s
[2026-10-08 09:09:50] ✅ 通过阈值 HTTP测速: http://hlsztemgsplive.miguvideo.com:8080/envivo_x/2018/SD/xiongmao05/1000/index.m3u8?msisdn=20261008080302f4b8a7d1ab3e41ac8bfe2d1d5b5441bc&mdspid=&spid=699004&netType=0&sid=2200200791&pid=2028597139&timestamp=20261008080302&Channel_ID=0116_2600000900-99000-201600010010027&ProgramID=608935104&ParentNodeID=-99&assertID=2200200791&client_ip=171.8.79.254&SecurityKey=20261008080302&promotionId=&mvid=2200200791&mcid=500020&playurlVersion=WX-A1-9.9.2-SNAPSHOT&userid=&jmhm=&videocodec=h264&appCode=miguvideo_android&bean=mgspad&tid=android&conFee=0&encrypt=ac8a6219818f1f2cc648d3abea5dddec
   速度: 7312.50KB/s | 数据量: 7.3KB | 总耗时: 0.03s | 阈值: 300KB/s
[2026-10-08 09:09:50] ✅ 通过阈值 HTTP测速: http://hlsztemgsplive.miguvideo.com:8080/envivo_x/2018/SD/xiongmao07/1000/index.m3u8?msisdn=202610080803020b2e3f5b89ae4ca9b88914386710d7c2&mdspid=&spid=699004&netType=0&sid=2200192831&pid=2028597139&timestamp=20261008080302&Channel_ID=0116_2600000900-99000-201600010010027&ProgramID=609169286&ParentNodeID=-99&assertID=2200192831&client_ip=171.8.79.254&SecurityKey=20261008080302&promotionId=&mvid=2200192831&mcid=500020&playurlVersion=WX-A1-9.9.2-SNAPSHOT&userid=&jmhm=&videocodec=h264&appCode=miguvideo_android&bean=mgspad&tid=android&conFee=0&encrypt=e92ebaf95acfd5fc5945efba0f35c368
   速度: 7312.50KB/s | 数据量: 7.3KB | 总耗时: 0.03s | 阈值: 300KB/s
[2026-10-08 09:09:50] ✅ 通过阈值 HTTP测速: http://hlsztemgsplive.miguvideo.com:8080/envivo_x/2018/SD/xiongmao06/1000/index.m3u8?msisdn=202610080803020196acfb97cd40c68d15e6cbcbd8c6e9&mdspid=&spid=699004&netType=0&sid=2200200817&pid=2028597139&timestamp=20261008080302&Channel_ID=0116_2600000900-99000-201600010010027&ProgramID=608935797&ParentNodeID=-99&assertID=2200200817&client_ip=171.8.79.254&SecurityKey=20261008080302&promotionId=&mvid=2200200817&mcid=500020&playurlVersion=WX-A1-9.9.2-SNAPSHOT&userid=&jmhm=&videocodec=h264&appCode=miguvideo_android&bean=mgspad&tid=android&conFee=0&encrypt=a1fcd99ce18842ca9857e38eef14860a
   速度: 7312.50KB/s | 数据量: 7.3KB | 总耗时: 0.04s | 阈值: 300KB/s
[2026-10-08 09:09:50] ✅ 通过阈值 HTTP测速: http://hlsztemgsplive.miguvideo.com:8080/envivo_x/2018/SD/xiongmao02/1000/index.m3u8?msisdn=202610080803014502b7b340de400280dc71da6660e4e3&mdspid=&spid=699004&netType=0&sid=2200200717&pid=2028597139&timestamp=20261008080301&Channel_ID=0116_2600000900-99000-201600010010027&ProgramID=608933640&ParentNodeID=-99&assertID=2200200717&client_ip=171.8.79.254&SecurityKey=20261008080301&promotionId=&mvid=2200200717&mcid=500020&playurlVersion=WX-A1-9.9.2-SNAPSHOT&userid=&jmhm=&videocodec=h264&appCode=miguvideo_android&bean=mgspad&tid=android&conFee=0&encrypt=6d8773130cd762521095e69e6aab952f
   速度: 7312.50KB/s | 数据量: 7.3KB | 总耗时: 0.05s | 阈值: 300KB/s
[2026-10-08 09:09:50] ✅ 通过阈值 HTTP测速: http://hlsztemgsplive.miguvideo.com:8080/envivo_x/2018/SD/xiongmao08/1000/index.m3u8?msisdn=2026100808030209f396f87e2e48deae26ce2b82cdc112&mdspid=&spid=699004&netType=0&sid=2200192881&pid=2028597139&timestamp=20261008080302&Channel_ID=0116_2600000900-99000-201600010010027&ProgramID=609169287&ParentNodeID=-99&assertID=2200192881&client_ip=171.8.79.254&SecurityKey=20261008080302&promotionId=&mvid=2200192881&mcid=500020&playurlVersion=WX-A1-9.9.2-SNAPSHOT&userid=&jmhm=&videocodec=h264&appCode=miguvideo_android&bean=mgspad&tid=android&conFee=0&encrypt=2a5d44f7b165fbed0ccf900a0ba85412
   速度: 7312.50KB/s | 数据量: 7.3KB | 总耗时: 0.03s | 阈值: 300KB/s
[2026-10-08 09:09:50] ✅ 通过阈值 HTTP测速: http://hlsztemgsplive.miguvideo.com:8080/envivo_x/2018/SD/xiongmao09/1000/index.m3u8?msisdn=2026100808030391883a23cc0a4f42b905d5731abc8849&mdspid=&spid=699004&netType=0&sid=2200192899&pid=2028597139&timestamp=20261008080303&Channel_ID=0116_2600000900-99000-201600010010027&ProgramID=609169226&ParentNodeID=-99&assertID=2200192899&client_ip=171.8.79.254&SecurityKey=20261008080303&promotionId=&mvid=2200192899&mcid=500020&playurlVersion=WX-A1-9.9.2-SNAPSHOT&userid=&jmhm=&videocodec=h264&appCode=miguvideo_android&bean=mgspad&tid=android&conFee=0&encrypt=11dc983a865b047784332be0ff8c6858
   速度: 7312.50KB/s | 数据量: 7.3KB | 总耗时: 0.02s | 阈值: 300KB/s
[2026-10-08 09:09:50] ✅ 通过阈值 HTTP测速: http://hlsztemgsplive.miguvideo.com:8080/envivo_x/2018/SD/xiongmao10/1000/index.m3u8?msisdn=20261008080303a7dcca0a590047cabc827a5d27ad51b7&mdspid=&spid=699004&netType=0&sid=2200192937&pid=2028597139&timestamp=20261008080303&Channel_ID=0116_2600000900-99000-201600010010027&ProgramID=609169285&ParentNodeID=-99&assertID=2200192937&client_ip=171.8.79.254&SecurityKey=20261008080303&promotionId=&mvid=2200192937&mcid=500020&playurlVersion=WX-A1-9.9.2-SNAPSHOT&userid=&jmhm=&videocodec=h264&appCode=miguvideo_android&bean=mgspad&tid=android&conFee=0&encrypt=daa08219c588a4dba06fcd0a0db72072
   速度: 7312.50KB/s | 数据量: 7.3KB | 总耗时: 0.02s | 阈值: 300KB/s
[2026-10-08 09:09:50] ✅ 通过阈值 HTTP测速: http://hlsztemgsplive.miguvideo.com:8080/wd_r3/cctv/zuiqiangzongyi/600/index.m3u8?msisdn=20261008080303e59fbde4853a40b3a692b2f7507d0f28&mdspid=&spid=699004&netType=0&sid=5500315654&pid=2028597139&timestamp=20261008080303&Channel_ID=0116_2600000900-99000-201600010010027&ProgramID=629942228&ParentNodeID=-99&assertID=5500315654&client_ip=171.8.79.254&SecurityKey=20261008080303&promotionId=&mvid=5101034202&mcid=500020&playurlVersion=WX-A1-9.9.2-SNAPSHOT&userid=&jmhm=&videocodec=h264&appCode=miguvideo_android&bean=mgspad&tid=android&conFee=0&encrypt=ce53a2034b79aa830f9323dc006e4664
   速度: 7312.50KB/s | 数据量: 7.3KB | 总耗时: 0.02s | 阈值: 300KB/s
[2026-10-08 09:09:50] ✅ 通过阈值 HTTP测速: http://hlsztemgsplive.miguvideo.com:8080/wd_r1/2018/nfmedia/jjkt/1000/index.m3u8?msisdn=2026100808030334f8e6f936ce412481ac6b00be338afa&mdspid=&spid=699054&netType=0&sid=2206172388&pid=2028597139&timestamp=20261008080303&Channel_ID=0116_2600000900-99000-201600010010027&ProgramID=614952364&ParentNodeID=-99&assertID=2206172388&client_ip=171.8.79.254&SecurityKey=20261008080303&promotionId=&mvid=2206172388&mcid=500020&playurlVersion=WX-A1-9.9.2-SNAPSHOT&userid=&jmhm=&videocodec=h264&appCode=miguvideo_android&bean=mgspad&tid=android&conFee=0&encrypt=fbdbb76de38958d173bcc67578a121db
   速度: 7312.50KB/s | 数据量: 7.3KB | 总耗时: 0.02s | 阈值: 300KB/s
[2026-10-08 09:09:50] ✅ 通过阈值 HTTP测速: http://hlsztemgsplive.miguvideo.com:8080/wd_r3/cctv/jingdiandonghua/600/index.m3u8?msisdn=20261008080303dceb8c87ddf84c0f836b3371fcf5b2cd&mdspid=&spid=699004&netType=0&sid=5500315652&pid=2028597139&timestamp=20261008080303&Channel_ID=0116_2600000900-99000-201600010010027&ProgramID=629942219&ParentNodeID=-99&assertID=5500315652&client_ip=171.8.79.254&SecurityKey=20261008080303&promotionId=&mvid=5101034205&mcid=500020&playurlVersion=WX-A1-9.9.2-SNAPSHOT&userid=&jmhm=&videocodec=h264&appCode=miguvideo_android&bean=mgspad&tid=android&conFee=0&encrypt=e137bcbbb096ab0f718fc05297e4f007
   速度: 7312.50KB/s | 数据量: 7.3KB | 总耗时: 0.02s | 阈值: 300KB/s
[2026-10-08 09:09:50] ✅ 通过阈值 HTTP测速: http://hlsztemgsplive.miguvideo.com:8080/migu/virtuallive2/5900002409/50/20210706/index.m3u8?msisdn=2026100808030380103b525caa484cbde17a902d9a876c&mdspid=&spid=800033&netType=0&sid=5910019523&pid=2028597139&timestamp=20261008080303&Channel_ID=0116_2600000900-99000-201600010010027&ProgramID=713589837&ParentNodeID=-99&assertID=5910019523&client_ip=171.8.79.254&SecurityKey=20261008080303&promotionId=&mvid=5900002419&mcid=500020&playurlVersion=WX-A1-9.9.2-SNAPSHOT&userid=&jmhm=&videocodec=h264&appCode=miguvideo_android&bean=mgspad&tid=android&conFee=0&encrypt=4afbc3cfb14360a8f995795bf6b7e5c2
   速度: 7312.50KB/s | 数据量: 7.3KB | 总耗时: 0.03s | 阈值: 300KB/s
[2026-10-08 09:09:50] ✅ 通过阈值 HTTP测速: http://hlsztemgsplive.miguvideo.com:8080/migu/kailu/zhtc/50/20251103/index.m3u8?msisdn=202610080803041d92156098bc48d5ac99db06e06965c0&mdspid=&spid=600697&netType=0&sid=5910022295&pid=2028597139&timestamp=20261008080304&Channel_ID=0116_2600000900-99000-201600010010027&ProgramID=959986618&ParentNodeID=-99&assertID=5910022295&client_ip=171.8.79.254&SecurityKey=20261008080304&promotionId=&mvid=5900006771&mcid=500020&playurlVersion=WX-A1-9.9.2-SNAPSHOT&userid=&jmhm=&videocodec=h264&appCode=miguvideo_android&bean=mgspad&tid=android&conFee=0&encrypt=796cb4c8dcaabd034592e80bbb9c6807
   速度: 7312.50KB/s | 数据量: 7.3KB | 总耗时: 0.03s | 阈值: 300KB/s
[2026-10-08 09:09:50] ✅ 通过阈值 HTTP测速: http://hlsztemgsplive.miguvideo.com:8080/migu/kailu/ydcmc/50/20251225/index.m3u8?msisdn=2026100808030476dea12742ca4f788b509e7148280a78&mdspid=&spid=600697&netType=0&sid=5910022344&pid=2028597139&timestamp=20261008080304&Channel_ID=0116_2600000900-99000-201600010010027&ProgramID=961930369&ParentNodeID=-99&assertID=5910022344&client_ip=171.8.79.254&SecurityKey=20261008080304&promotionId=&mvid=5900006785&mcid=500020&playurlVersion=WX-A1-9.9.2-SNAPSHOT&userid=&jmhm=&videocodec=h264&appCode=miguvideo_android&bean=mgspad&tid=android&conFee=0&encrypt=6c783d61c5640dabede128f4f97cf83e
   速度: 7312.50KB/s | 数据量: 7.3KB | 总耗时: 0.02s | 阈值: 300KB/s
[2026-10-08 09:09:50] ✅ 通过阈值 HTTP测速: http://hlsztemgsplive.miguvideo.com:8080/migu/kailu/hqly/50/20250915/index.m3u8?msisdn=2026100808030471d8b3584c4b409698ff8d9472a7b950&mdspid=&spid=600697&netType=0&sid=5910022200&pid=2028597139&timestamp=20261008080304&Channel_ID=0116_2600000900-99000-201600010010027&ProgramID=958475356&ParentNodeID=-99&assertID=5910022200&client_ip=171.8.79.254&SecurityKey=20261008080304&promotionId=&mvid=5900006723&mcid=500020&playurlVersion=WX-A1-9.9.2-SNAPSHOT&userid=&jmhm=&videocodec=h264&appCode=miguvideo_android&bean=mgspad&tid=android&conFee=0&encrypt=452e7893eb1a32af643dd3673a318795
   速度: 7312.50KB/s | 数据量: 7.3KB | 总耗时: 0.03s | 阈值: 300KB/s
[2026-10-08 09:09:50] 🚫 未达阈值 HTTP测速: http://38.75.136.137:98/gslb/dsdqpub/chcjt.m3u8?auth=testpub
   速度: 190.43KB/s | 数据量: 0.2KB | 总耗时: 0.12s | 阈值: 300KB/s
[2026-10-08 09:09:50] ✅ 通过阈值 HTTP测速: http://rbmn-live.akamaized.net/hls/live/590964/BoRB-AT/master_6660.m3u8
   速度: 5136.72KB/s | 数据量: 5.1KB | 总耗时: 0.18s | 阈值: 300KB/s
[2026-10-08 09:09:50] 🚫 未达阈值 HTTP测速: http://107.150.60.122/live/chcjt.m3u8
   速度: 190.43KB/s | 数据量: 0.2KB | 总耗时: 0.19s | 阈值: 300KB/s
[2026-10-08 09:09:50] ✅ HTTPS测速成功: https://epg.pw/stream/8770e89223a086eb1b8a0c931e42296d772a8069ad3eb72540e0c434e7cb3e93.m3u8
   速度: 124.02KB/s | 数据量: 0.1KB | 总耗时: 0.22s | 证书: 有效
[2026-10-08 09:09:50] 🚫 未达阈值 HTTP测速: http://192.151.150.154/live/chcjt.m3u8
   速度: 190.43KB/s | 数据量: 0.2KB | 总耗时: 0.20s | 阈值: 300KB/s
[2026-10-08 09:09:51] ✅ HTTPS测速成功: https://epg.pw/stream/6b49e3faa38adda85abab446f032dc1e686baa0760a9cfa66e2df8fd6fe3b445.m3u8
   速度: 124.02KB/s | 数据量: 0.1KB | 总耗时: 0.23s | 证书: 有效
[2026-10-08 09:09:51] ✅ HTTPS测速成功: https://d1k6kax80wecy5.cloudfront.net/RLnAKY/index.m3u8
   速度: 237.30KB/s | 数据量: 0.2KB | 总耗时: 0.50s | 证书: 有效
[2026-10-08 09:09:51] ✅ 通过阈值 HTTP测速: http://live-hls-web-aja.getaj.net/AJA/02.m3u8
   速度: 375.98KB/s | 数据量: 0.4KB | 总耗时: 0.09s | 阈值: 300KB/s
[2026-10-08 09:09:51] 🚫 未达阈值 HTTP测速: http://198.204.228.26/live/chcjt.m3u8
   速度: 163.09KB/s | 数据量: 0.2KB | 总耗时: 0.84s | 阈值: 300KB/s
[2026-10-08 09:09:51] 🚫 未达阈值 HTTP测速: http://101.35.240.114:88/live.php?id=浙江卫视4K
   速度: 142.58KB/s | 数据量: 0.1KB | 总耗时: 0.42s | 阈值: 300KB/s
[2026-10-08 09:09:51] 🚫 未达阈值 HTTP测速: http://38.75.136.137:98/gslb/dsdqpub/chchd.m3u8?auth=testpub
   速度: 164.06KB/s | 数据量: 0.2KB | 总耗时: 0.83s | 阈值: 300KB/s
[2026-10-08 09:09:51] 🚫 未达阈值 HTTP测速: http://222.128.55.152:9080/live/hy.m3u8
   速度: 0.37KB/s | 数据量: 0.1KB | 总耗时: 0.69s | 阈值: 300KB/s
[2026-10-08 09:09:51] 🚫 未达阈值 HTTP测速: http://122.152.202.33/s/81a8a44f/index.m3u8?id=53
   速度: 0.00KB/s | 数据量: 0.0KB | 总耗时: 1.10s | 阈值: 300KB/s
[2026-10-08 09:09:51] ✅ HTTPS测速成功: https://cdn-4.pishow.tv/live/1473/master.m3u8
   速度: 152.34KB/s | 数据量: 0.2KB | 总耗时: 0.73s | 证书: 有效
[2026-10-08 09:09:52] ✅ HTTPS测速成功: https://play-qukan.cztv.com/live/1746687519046362.m3u8
   速度: 16.60KB/s | 数据量: 0.0KB | 总耗时: 0.62s | 证书: 有效
[2026-10-08 09:09:52] ✅ HTTPS测速成功: https://srs.iyb983.cn:443/video/CYS/index.m3u8
   速度: 513.67KB/s | 数据量: 0.5KB | 总耗时: 1.30s | 证书: 有效
[2026-10-08 09:09:52] ✅ HTTPS测速成功: https://srs.iyb983.cn/video/CYS/index.m3u8
   速度: 513.67KB/s | 数据量: 0.5KB | 总耗时: 1.30s | 证书: 有效
[2026-10-08 09:09:52] ✅ 通过阈值 HTTP测速: http://p.ytelc.com/169l/0/cctv.php?id=cctv15
   速度: 686.52KB/s | 数据量: 0.7KB | 总耗时: 0.53s | 阈值: 300KB/s
[2026-10-08 09:09:52] ✅ 通过阈值 HTTP测速: http://espanol-liveali.cgtn.com/hls/LSveOGBaBw41Ea7ukkVAUdKQ220802LSTexu6xAuFH8VZNBLE1ZNEa220802cd.m3u8
   速度: 428.71KB/s | 数据量: 0.4KB | 总耗时: 0.65s | 阈值: 300KB/s
[2026-10-08 09:09:52] 🚫 未达阈值 HTTP测速: http://liveout.btzx.com.cn/62ds9e/yil08g.m3u8
   速度: 0.00KB/s | 数据量: 0.0KB | 总耗时: 0.42s | 阈值: 300KB/s
[2026-10-08 09:09:52] ✅ HTTPS测速成功: https://hwapi.yntv.net/ew265l/z1z6s5.m3u8
   速度: 266.60KB/s | 数据量: 0.3KB | 总耗时: 1.02s | 证书: 无效
[2026-10-08 09:09:52] ✅ 通过阈值 HTTP测速: http://english-livetx.cgtn.com/hls/yypdyyctzb_hd.m3u8
   速度: 402.34KB/s | 数据量: 0.4KB | 总耗时: 0.87s | 阈值: 300KB/s
[2026-10-08 09:09:52] 🚫 未达阈值 HTTP测速: http://nn.7x9d.cn/xzc2.php?ua=TW96aWxsYS81LjAgKFdpbmRvd3MgTlQgNi4xOyBXaW42NDsgeDY0KSBBcHBsZVdlYktpdC81MzcuMzYgKEtIVE1MLCBsaWtlIEdlY2tvKSBDaHJvbWUvMTA2LjAuMC4wIFNhZmFyaS81MzcuMzY=&hls=aHR0cDovL3d3dy5kc2suY2MvcGhwL3N4Z2QucGhwP2lkPXlud3M=
   速度: 142.58KB/s | 数据量: 0.1KB | 总耗时: 0.96s | 阈值: 300KB/s
[2026-10-08 09:09:52] ❌ HTTPS SSL错误: https://zby.130519.xyz/PLTV/11/224/3221225734/index.m3u8 | 错误: HTTPSConnectionPool(host='zby.130519.xyz', port=443): Max retries exceeded with url: /PLTV/11/224/3221225734/index.m3u8 (Caused by SSLError(SSLError(1, '[SSL: SSLV3_ALERT_HANDSHAKE_FAILURE] sslv3 alert handshake failure (_ssl.c:1082)')))
[2026-10-08 09:09:52] ❌ HTTPS SSL错误: https://zby.130519.xyz/PLTV/11/224/3221226124/index.m3u8 | 错误: HTTPSConnectionPool(host='zby.130519.xyz', port=443): Max retries exceeded with url: /PLTV/11/224/3221226124/index.m3u8 (Caused by SSLError(SSLError(1, '[SSL: SSLV3_ALERT_HANDSHAKE_FAILURE] sslv3 alert handshake failure (_ssl.c:1082)')))
[2026-10-08 09:09:52] ❌ HTTPS SSL错误: https://zby.130519.xyz/PLTV/11/224/3221225766/index.m3u8 | 错误: HTTPSConnectionPool(host='zby.130519.xyz', port=443): Max retries exceeded with url: /PLTV/11/224/3221225766/index.m3u8 (Caused by SSLError(SSLError(1, '[SSL: SSLV3_ALERT_HANDSHAKE_FAILURE] sslv3 alert handshake failure (_ssl.c:1082)')))
[2026-10-08 09:09:52] ❌ HTTPS SSL错误: https://zby.130519.xyz/PLTV/11/224/3221226122/index.m3u8 | 错误: HTTPSConnectionPool(host='zby.130519.xyz', port=443): Max retries exceeded with url: /PLTV/11/224/3221226122/index.m3u8 (Caused by SSLError(SSLError(1, '[SSL: SSLV3_ALERT_HANDSHAKE_FAILURE] sslv3 alert handshake failure (_ssl.c:1082)')))
[2026-10-08 09:09:52] ❌ HTTPS SSL错误: https://zby.130519.xyz/PLTV/11/224/3221225701/index.m3u8 | 错误: HTTPSConnectionPool(host='zby.130519.xyz', port=443): Max retries exceeded with url: /PLTV/11/224/3221225701/index.m3u8 (Caused by SSLError(SSLError(1, '[SSL: SSLV3_ALERT_HANDSHAKE_FAILURE] sslv3 alert handshake failure (_ssl.c:1082)')))
[2026-10-08 09:09:52] ❌ HTTPS SSL错误: https://zby.130519.xyz/PLTV/11/224/3221225741/index.m3u8 | 错误: HTTPSConnectionPool(host='zby.130519.xyz', port=443): Max retries exceeded with url: /PLTV/11/224/3221225741/index.m3u8 (Caused by SSLError(SSLError(1, '[SSL: SSLV3_ALERT_HANDSHAKE_FAILURE] sslv3 alert handshake failure (_ssl.c:1082)')))
[2026-10-08 09:09:52] ❌ HTTPS SSL错误: https://zby.130519.xyz/PLTV/11/224/3221225673/index.m3u8 | 错误: HTTPSConnectionPool(host='zby.130519.xyz', port=443): Max retries exceeded with url: /PLTV/11/224/3221225673/index.m3u8 (Caused by SSLError(SSLError(1, '[SSL: SSLV3_ALERT_HANDSHAKE_FAILURE] sslv3 alert handshake failure (_ssl.c:1082)')))
[2026-10-08 09:09:52] ❌ HTTPS SSL错误: https://zby.130519.xyz/PLTV/11/224/3221225736/index.m3u8 | 错误: HTTPSConnectionPool(host='zby.130519.xyz', port=443): Max retries exceeded with url: /PLTV/11/224/3221225736/index.m3u8 (Caused by SSLError(SSLError(1, '[SSL: SSLV3_ALERT_HANDSHAKE_FAILURE] sslv3 alert handshake failure (_ssl.c:1082)')))
[2026-10-08 09:09:52] ❌ HTTPS SSL错误: https://zby.130519.xyz/PLTV/11/224/3221226103/index.m3u8 | 错误: HTTPSConnectionPool(host='zby.130519.xyz', port=443): Max retries exceeded with url: /PLTV/11/224/3221226103/index.m3u8 (Caused by SSLError(SSLError(1, '[SSL: SSLV3_ALERT_HANDSHAKE_FAILURE] sslv3 alert handshake failure (_ssl.c:1082)')))
[2026-10-08 09:09:52] ❌ HTTPS SSL错误: https://zby.130519.xyz/PLTV/11/224/3221225743/index.m3u8 | 错误: HTTPSConnectionPool(host='zby.130519.xyz', port=443): Max retries exceeded with url: /PLTV/11/224/3221225743/index.m3u8 (Caused by SSLError(SSLError(1, '[SSL: SSLV3_ALERT_HANDSHAKE_FAILURE] sslv3 alert handshake failure (_ssl.c:1082)')))
[2026-10-08 09:09:52] ❌ HTTPS SSL错误: https://zby.130519.xyz/PLTV/11/224/3221226101/index.m3u8 | 错误: HTTPSConnectionPool(host='zby.130519.xyz', port=443): Max retries exceeded with url: /PLTV/11/224/3221226101/index.m3u8 (Caused by SSLError(SSLError(1, '[SSL: SSLV3_ALERT_HANDSHAKE_FAILURE] sslv3 alert handshake failure (_ssl.c:1082)')))
[2026-10-08 09:09:52] ❌ HTTPS SSL错误: https://zby.130519.xyz/PLTV/11/224/3221225738/index.m3u8 | 错误: HTTPSConnectionPool(host='zby.130519.xyz', port=443): Max retries exceeded with url: /PLTV/11/224/3221225738/index.m3u8 (Caused by SSLError(SSLError(1, '[SSL: SSLV3_ALERT_HANDSHAKE_FAILURE] sslv3 alert handshake failure (_ssl.c:1082)')))
[2026-10-08 09:09:52] ❌ HTTPS SSL错误: https://zby.130519.xyz/PLTV/11/224/3221226120/index.m3u8 | 错误: HTTPSConnectionPool(host='zby.130519.xyz', port=443): Max retries exceeded with url: /PLTV/11/224/3221226120/index.m3u8 (Caused by SSLError(SSLError(1, '[SSL: SSLV3_ALERT_HANDSHAKE_FAILURE] sslv3 alert handshake failure (_ssl.c:1082)')))
[2026-10-08 09:09:52] ❌ HTTPS SSL错误: https://zby.130519.xyz/PLTV/11/224/3221226128/index.m3u8 | 错误: HTTPSConnectionPool(host='zby.130519.xyz', port=443): Max retries exceeded with url: /PLTV/11/224/3221226128/index.m3u8 (Caused by SSLError(SSLError(1, '[SSL: SSLV3_ALERT_HANDSHAKE_FAILURE] sslv3 alert handshake failure (_ssl.c:1082)')))
[2026-10-08 09:09:52] ❌ HTTPS SSL错误: https://zby.130519.xyz/PLTV/11/224/3221226147/index.m3u8 | 错误: HTTPSConnectionPool(host='zby.130519.xyz', port=443): Max retries exceeded with url: /PLTV/11/224/3221226147/index.m3u8 (Caused by SSLError(SSLError(1, '[SSL: SSLV3_ALERT_HANDSHAKE_FAILURE] sslv3 alert handshake failure (_ssl.c:1082)')))
[2026-10-08 09:09:52] ❌ HTTPS SSL错误: https://zby.130519.xyz/PLTV/11/224/3221225775/index.m3u8 | 错误: HTTPSConnectionPool(host='zby.130519.xyz', port=443): Max retries exceeded with url: /PLTV/11/224/3221225775/index.m3u8 (Caused by SSLError(SSLError(1, '[SSL: SSLV3_ALERT_HANDSHAKE_FAILURE] sslv3 alert handshake failure (_ssl.c:1082)')))
[2026-10-08 09:09:53] ❌ HTTPS SSL错误: https://zby.130519.xyz/PLTV/11/224/3221225724/index.m3u8 | 错误: HTTPSConnectionPool(host='zby.130519.xyz', port=443): Max retries exceeded with url: /PLTV/11/224/3221225724/index.m3u8 (Caused by SSLError(SSLError(1, '[SSL: SSLV3_ALERT_HANDSHAKE_FAILURE] sslv3 alert handshake failure (_ssl.c:1082)')))
[2026-10-08 09:09:53] ❌ HTTPS SSL错误: https://zby.130519.xyz/PLTV/11/224/3221226153/index.m3u8 | 错误: HTTPSConnectionPool(host='zby.130519.xyz', port=443): Max retries exceeded with url: /PLTV/11/224/3221226153/index.m3u8 (Caused by SSLError(SSLError(1, '[SSL: SSLV3_ALERT_HANDSHAKE_FAILURE] sslv3 alert handshake failure (_ssl.c:1082)')))
[2026-10-08 09:09:53] ❌ HTTPS SSL错误: https://zby.130519.xyz/PLTV/11/224/3221225725/index.m3u8 | 错误: HTTPSConnectionPool(host='zby.130519.xyz', port=443): Max retries exceeded with url: /PLTV/11/224/3221225725/index.m3u8 (Caused by SSLError(SSLError(1, '[SSL: SSLV3_ALERT_HANDSHAKE_FAILURE] sslv3 alert handshake failure (_ssl.c:1082)')))
[2026-10-08 09:09:53] ❌ HTTPS SSL错误: https://zby.130519.xyz/PLTV/11/224/3221225720/index.m3u8 | 错误: HTTPSConnectionPool(host='zby.130519.xyz', port=443): Max retries exceeded with url: /PLTV/11/224/3221225720/index.m3u8 (Caused by SSLError(SSLError(1, '[SSL: SSLV3_ALERT_HANDSHAKE_FAILURE] sslv3 alert handshake failure (_ssl.c:1082)')))
[2026-10-08 09:09:53] ❌ HTTPS SSL错误: https://zby.130519.xyz/PLTV/11/224/3221225727/index.m3u8 | 错误: HTTPSConnectionPool(host='zby.130519.xyz', port=443): Max retries exceeded with url: /PLTV/11/224/3221225727/index.m3u8 (Caused by SSLError(SSLError(1, '[SSL: SSLV3_ALERT_HANDSHAKE_FAILURE] sslv3 alert handshake failure (_ssl.c:1082)')))
[2026-10-08 09:09:53] ❌ HTTPS SSL错误: https://zby.130519.xyz/PLTV/11/224/3221225731/index.m3u8 | 错误: HTTPSConnectionPool(host='zby.130519.xyz', port=443): Max retries exceeded with url: /PLTV/11/224/3221225731/index.m3u8 (Caused by SSLError(SSLError(1, '[SSL: SSLV3_ALERT_HANDSHAKE_FAILURE] sslv3 alert handshake failure (_ssl.c:1082)')))
[2026-10-08 09:09:53] ❌ HTTPS SSL错误: https://zby.130519.xyz/PLTV/11/224/3221225728/index.m3u8 | 错误: HTTPSConnectionPool(host='zby.130519.xyz', port=443): Max retries exceeded with url: /PLTV/11/224/3221225728/index.m3u8 (Caused by SSLError(SSLError(1, '[SSL: SSLV3_ALERT_HANDSHAKE_FAILURE] sslv3 alert handshake failure (_ssl.c:1082)')))
[2026-10-08 09:09:53] ❌ HTTPS SSL错误: https://zby.130519.xyz/PLTV/11/224/3221225726/index.m3u8 | 错误: HTTPSConnectionPool(host='zby.130519.xyz', port=443): Max retries exceeded with url: /PLTV/11/224/3221225726/index.m3u8 (Caused by SSLError(SSLError(1, '[SSL: SSLV3_ALERT_HANDSHAKE_FAILURE] sslv3 alert handshake failure (_ssl.c:1082)')))
[2026-10-08 09:09:53] ❌ HTTPS SSL错误: https://zby.130519.xyz/PLTV/11/224/3221225742/index.m3u8 | 错误: HTTPSConnectionPool(host='zby.130519.xyz', port=443): Max retries exceeded with url: /PLTV/11/224/3221225742/index.m3u8 (Caused by SSLError(SSLError(1, '[SSL: SSLV3_ALERT_HANDSHAKE_FAILURE] sslv3 alert handshake failure (_ssl.c:1082)')))
[2026-10-08 09:09:53] ❌ HTTPS SSL错误: https://zby.130519.xyz/PLTV/11/224/3221225739/index.m3u8 | 错误: HTTPSConnectionPool(host='zby.130519.xyz', port=443): Max retries exceeded with url: /PLTV/11/224/3221225739/index.m3u8 (Caused by SSLError(SSLError(1, '[SSL: SSLV3_ALERT_HANDSHAKE_FAILURE] sslv3 alert handshake failure (_ssl.c:1082)')))
[2026-10-08 09:09:53] ❌ HTTPS SSL错误: https://zby.130519.xyz/PLTV/11/224/3221225733/index.m3u8 | 错误: HTTPSConnectionPool(host='zby.130519.xyz', port=443): Max retries exceeded with url: /PLTV/11/224/3221225733/index.m3u8 (Caused by SSLError(SSLError(1, '[SSL: SSLV3_ALERT_HANDSHAKE_FAILURE] sslv3 alert handshake failure (_ssl.c:1082)')))
[2026-10-08 09:09:53] ❌ HTTPS SSL错误: https://zby.130519.xyz/PLTV/11/224/3221225747/index.m3u8 | 错误: HTTPSConnectionPool(host='zby.130519.xyz', port=443): Max retries exceeded with url: /PLTV/11/224/3221225747/index.m3u8 (Caused by SSLError(SSLError(1, '[SSL: SSLV3_ALERT_HANDSHAKE_FAILURE] sslv3 alert handshake failure (_ssl.c:1082)')))
[2026-10-08 09:09:53] ❌ HTTPS SSL错误: https://zby.130519.xyz/PLTV/11/224/3221226113/index.m3u8 | 错误: HTTPSConnectionPool(host='zby.130519.xyz', port=443): Max retries exceeded with url: /PLTV/11/224/3221226113/index.m3u8 (Caused by SSLError(SSLError(1, '[SSL: SSLV3_ALERT_HANDSHAKE_FAILURE] sslv3 alert handshake failure (_ssl.c:1082)')))
[2026-10-08 09:09:53] ❌ HTTPS SSL错误: https://zby.130519.xyz/PLTV/11/224/3221226107/index.m3u8 | 错误: HTTPSConnectionPool(host='zby.130519.xyz', port=443): Max retries exceeded with url: /PLTV/11/224/3221226107/index.m3u8 (Caused by SSLError(SSLError(1, '[SSL: SSLV3_ALERT_HANDSHAKE_FAILURE] sslv3 alert handshake failure (_ssl.c:1082)')))
[2026-10-08 09:09:53] ❌ HTTPS SSL错误: https://zby.130519.xyz/PLTV/11/224/3221225740/index.m3u8 | 错误: HTTPSConnectionPool(host='zby.130519.xyz', port=443): Max retries exceeded with url: /PLTV/11/224/3221225740/index.m3u8 (Caused by SSLError(SSLError(1, '[SSL: SSLV3_ALERT_HANDSHAKE_FAILURE] sslv3 alert handshake failure (_ssl.c:1082)')))
[2026-10-08 09:09:53] ❌ HTTPS SSL错误: https://zby.130519.xyz/PLTV/11/224/3221226132/index.m3u8 | 错误: HTTPSConnectionPool(host='zby.130519.xyz', port=443): Max retries exceeded with url: /PLTV/11/224/3221226132/index.m3u8 (Caused by SSLError(SSLError(1, '[SSL: SSLV3_ALERT_HANDSHAKE_FAILURE] sslv3 alert handshake failure (_ssl.c:1082)')))
[2026-10-08 09:09:53] ❌ HTTPS SSL错误: https://zby.130519.xyz/PLTV/11/224/3221226152/index.m3u8 | 错误: HTTPSConnectionPool(host='zby.130519.xyz', port=443): Max retries exceeded with url: /PLTV/11/224/3221226152/index.m3u8 (Caused by SSLError(SSLError(1, '[SSL: SSLV3_ALERT_HANDSHAKE_FAILURE] sslv3 alert handshake failure (_ssl.c:1082)')))
[2026-10-08 09:09:53] ❌ HTTPS SSL错误: https://zby.130519.xyz/PLTV/11/224/3221226084/index.m3u8 | 错误: HTTPSConnectionPool(host='zby.130519.xyz', port=443): Max retries exceeded with url: /PLTV/11/224/3221226084/index.m3u8 (Caused by SSLError(SSLError(1, '[SSL: SSLV3_ALERT_HANDSHAKE_FAILURE] sslv3 alert handshake failure (_ssl.c:1082)')))
[2026-10-08 09:09:53] ❌ HTTPS SSL错误: https://zby.130519.xyz/PLTV/11/224/3221226173/index.m3u8 | 错误: HTTPSConnectionPool(host='zby.130519.xyz', port=443): Max retries exceeded with url: /PLTV/11/224/3221226173/index.m3u8 (Caused by SSLError(SSLError(1, '[SSL: SSLV3_ALERT_HANDSHAKE_FAILURE] sslv3 alert handshake failure (_ssl.c:1082)')))
[2026-10-08 09:09:53] ❌ HTTPS SSL错误: https://zby.130519.xyz/PLTV/11/224/3221226171/index.m3u8 | 错误: HTTPSConnectionPool(host='zby.130519.xyz', port=443): Max retries exceeded with url: /PLTV/11/224/3221226171/index.m3u8 (Caused by SSLError(SSLError(1, '[SSL: SSLV3_ALERT_HANDSHAKE_FAILURE] sslv3 alert handshake failure (_ssl.c:1082)')))
[2026-10-08 09:09:53] ❌ HTTPS SSL错误: https://zby.130519.xyz/PLTV/11/224/3221225729/index.m3u8 | 错误: HTTPSConnectionPool(host='zby.130519.xyz', port=443): Max retries exceeded with url: /PLTV/11/224/3221225729/index.m3u8 (Caused by SSLError(SSLError(1, '[SSL: SSLV3_ALERT_HANDSHAKE_FAILURE] sslv3 alert handshake failure (_ssl.c:1082)')))
[2026-10-08 09:09:53] ❌ HTTPS SSL错误: https://zby.130519.xyz/PLTV/11/224/3221226154/index.m3u8 | 错误: HTTPSConnectionPool(host='zby.130519.xyz', port=443): Max retries exceeded with url: /PLTV/11/224/3221226154/index.m3u8 (Caused by SSLError(SSLError(1, '[SSL: SSLV3_ALERT_HANDSHAKE_FAILURE] sslv3 alert handshake failure (_ssl.c:1082)')))
[2026-10-08 09:09:53] ❌ HTTPS SSL错误: https://zby.130519.xyz/PLTV/11/224/3221226109/index.m3u8 | 错误: HTTPSConnectionPool(host='zby.130519.xyz', port=443): Max retries exceeded with url: /PLTV/11/224/3221226109/index.m3u8 (Caused by SSLError(SSLError(1, '[SSL: SSLV3_ALERT_HANDSHAKE_FAILURE] sslv3 alert handshake failure (_ssl.c:1082)')))
[2026-10-08 09:09:53] ❌ HTTPS SSL错误: https://zby.130519.xyz/PLTV/11/224/3221225745/index.m3u8 | 错误: HTTPSConnectionPool(host='zby.130519.xyz', port=443): Max retries exceeded with url: /PLTV/11/224/3221225745/index.m3u8 (Caused by SSLError(SSLError(1, '[SSL: SSLV3_ALERT_HANDSHAKE_FAILURE] sslv3 alert handshake failure (_ssl.c:1082)')))
[2026-10-08 09:09:53] ❌ HTTPS SSL错误: https://zby.130519.xyz/PLTV/11/224/3221226090/index.m3u8 | 错误: HTTPSConnectionPool(host='zby.130519.xyz', port=443): Max retries exceeded with url: /PLTV/11/224/3221226090/index.m3u8 (Caused by SSLError(SSLError(1, '[SSL: SSLV3_ALERT_HANDSHAKE_FAILURE] sslv3 alert handshake failure (_ssl.c:1082)')))
[2026-10-08 09:09:53] ❌ HTTPS SSL错误: https://zby.130519.xyz/PLTV/11/224/3221226105/index.m3u8 | 错误: HTTPSConnectionPool(host='zby.130519.xyz', port=443): Max retries exceeded with url: /PLTV/11/224/3221226105/index.m3u8 (Caused by SSLError(SSLError(1, '[SSL: SSLV3_ALERT_HANDSHAKE_FAILURE] sslv3 alert handshake failure (_ssl.c:1082)')))
[2026-10-08 09:09:53] ❌ HTTPS SSL错误: https://zby.130519.xyz/PLTV/11/224/3221226149/index.m3u8 | 错误: HTTPSConnectionPool(host='zby.130519.xyz', port=443): Max retries exceeded with url: /PLTV/11/224/3221226149/index.m3u8 (Caused by SSLError(SSLError(1, '[SSL: SSLV3_ALERT_HANDSHAKE_FAILURE] sslv3 alert handshake failure (_ssl.c:1082)')))
[2026-10-08 09:09:53] ❌ HTTPS SSL错误: https://zby.130519.xyz/PLTV/11/224/3221225744/index.m3u8 | 错误: HTTPSConnectionPool(host='zby.130519.xyz', port=443): Max retries exceeded with url: /PLTV/11/224/3221225744/index.m3u8 (Caused by SSLError(SSLError(1, '[SSL: SSLV3_ALERT_HANDSHAKE_FAILURE] sslv3 alert handshake failure (_ssl.c:1082)')))
[2026-10-08 09:09:53] ❌ HTTPS SSL错误: https://zby.130519.xyz/PLTV/11/224/3221225722/index.m3u8 | 错误: HTTPSConnectionPool(host='zby.130519.xyz', port=443): Max retries exceeded with url: /PLTV/11/224/3221225722/index.m3u8 (Caused by SSLError(SSLError(1, '[SSL: SSLV3_ALERT_HANDSHAKE_FAILURE] sslv3 alert handshake failure (_ssl.c:1082)')))
[2026-10-08 09:09:54] 🚫 未达阈值 HTTP测速: http://webcast.hkstv.tv/livestream/mutfysrq/playlist.m3u8
   速度: 106.45KB/s | 数据量: 0.1KB | 总耗时: 1.95s | 阈值: 300KB/s
[2026-10-08 09:09:54] ❌ HTTPS SSL错误: https://zby.130519.xyz/PLTV/11/224/3221225737/index.m3u8 | 错误: HTTPSConnectionPool(host='zby.130519.xyz', port=443): Max retries exceeded with url: /PLTV/11/224/3221225737/index.m3u8 (Caused by SSLError(SSLError(1, '[SSL: SSLV3_ALERT_HANDSHAKE_FAILURE] sslv3 alert handshake failure (_ssl.c:1082)')))
[2026-10-08 09:09:54] ❌ HTTPS SSL错误: https://zby.130519.xyz/PLTV/11/224/3221225732/index.m3u8 | 错误: HTTPSConnectionPool(host='zby.130519.xyz', port=443): Max retries exceeded with url: /PLTV/11/224/3221225732/index.m3u8 (Caused by SSLError(SSLError(1, '[SSL: SSLV3_ALERT_HANDSHAKE_FAILURE] sslv3 alert handshake failure (_ssl.c:1082)')))
[2026-10-08 09:09:54] ❌ HTTPS SSL错误: https://zby.130519.xyz/PLTV/11/224/3221225749/index.m3u8 | 错误: HTTPSConnectionPool(host='zby.130519.xyz', port=443): Max retries exceeded with url: /PLTV/11/224/3221225749/index.m3u8 (Caused by SSLError(SSLError(1, '[SSL: SSLV3_ALERT_HANDSHAKE_FAILURE] sslv3 alert handshake failure (_ssl.c:1082)')))
[2026-10-08 09:09:54] ❌ HTTPS SSL错误: https://zby.130519.xyz/PLTV/11/224/3221225771/index.m3u8 | 错误: HTTPSConnectionPool(host='zby.130519.xyz', port=443): Max retries exceeded with url: /PLTV/11/224/3221225771/index.m3u8 (Caused by SSLError(SSLError(1, '[SSL: SSLV3_ALERT_HANDSHAKE_FAILURE] sslv3 alert handshake failure (_ssl.c:1082)')))
[2026-10-08 09:09:54] ❌ HTTPS SSL错误: https://zby.130519.xyz/PLTV/11/224/3221225748/index.m3u8 | 错误: HTTPSConnectionPool(host='zby.130519.xyz', port=443): Max retries exceeded with url: /PLTV/11/224/3221225748/index.m3u8 (Caused by SSLError(SSLError(1, '[SSL: SSLV3_ALERT_HANDSHAKE_FAILURE] sslv3 alert handshake failure (_ssl.c:1082)')))
[2026-10-08 09:09:54] ❌ HTTPS SSL错误: https://zby.130519.xyz/PLTV/11/224/3221226136/index.m3u8 | 错误: HTTPSConnectionPool(host='zby.130519.xyz', port=443): Max retries exceeded with url: /PLTV/11/224/3221226136/index.m3u8 (Caused by SSLError(SSLError(1, '[SSL: SSLV3_ALERT_HANDSHAKE_FAILURE] sslv3 alert handshake failure (_ssl.c:1082)')))
[2026-10-08 09:09:54] ❌ HTTPS SSL错误: https://zby.130519.xyz/PLTV/11/224/3221225762/index.m3u8 | 错误: HTTPSConnectionPool(host='zby.130519.xyz', port=443): Max retries exceeded with url: /PLTV/11/224/3221225762/index.m3u8 (Caused by SSLError(SSLError(1, '[SSL: SSLV3_ALERT_HANDSHAKE_FAILURE] sslv3 alert handshake failure (_ssl.c:1082)')))
[2026-10-08 09:09:54] ❌ HTTPS SSL错误: https://zby.130519.xyz/PLTV/11/224/3221226134/index.m3u8 | 错误: HTTPSConnectionPool(host='zby.130519.xyz', port=443): Max retries exceeded with url: /PLTV/11/224/3221226134/index.m3u8 (Caused by SSLError(SSLError(1, '[SSL: SSLV3_ALERT_HANDSHAKE_FAILURE] sslv3 alert handshake failure (_ssl.c:1082)')))
[2026-10-08 09:09:54] ❌ HTTPS SSL错误: https://zby.130519.xyz/PLTV/11/224/3221225768/index.m3u8 | 错误: HTTPSConnectionPool(host='zby.130519.xyz', port=443): Max retries exceeded with url: /PLTV/11/224/3221225768/index.m3u8 (Caused by SSLError(SSLError(1, '[SSL: SSLV3_ALERT_HANDSHAKE_FAILURE] sslv3 alert handshake failure (_ssl.c:1082)')))
[2026-10-08 09:09:54] ❌ HTTPS SSL错误: https://zby.130519.xyz/PLTV/11/224/3221226157/index.m3u8 | 错误: HTTPSConnectionPool(host='zby.130519.xyz', port=443): Max retries exceeded with url: /PLTV/11/224/3221226157/index.m3u8 (Caused by SSLError(SSLError(1, '[SSL: SSLV3_ALERT_HANDSHAKE_FAILURE] sslv3 alert handshake failure (_ssl.c:1082)')))
[2026-10-08 09:09:54] ❌ HTTPS SSL错误: https://zby.130519.xyz/PLTV/11/224/3221225994/index.m3u8 | 错误: HTTPSConnectionPool(host='zby.130519.xyz', port=443): Max retries exceeded with url: /PLTV/11/224/3221225994/index.m3u8 (Caused by SSLError(SSLError(1, '[SSL: SSLV3_ALERT_HANDSHAKE_FAILURE] sslv3 alert handshake failure (_ssl.c:1082)')))
[2026-10-08 09:09:54] ❌ HTTPS SSL错误: https://zby.130519.xyz/PLTV/11/224/3221226117/index.m3u8 | 错误: HTTPSConnectionPool(host='zby.130519.xyz', port=443): Max retries exceeded with url: /PLTV/11/224/3221226117/index.m3u8 (Caused by SSLError(SSLError(1, '[SSL: SSLV3_ALERT_HANDSHAKE_FAILURE] sslv3 alert handshake failure (_ssl.c:1082)')))
[2026-10-08 09:09:54] ❌ HTTPS SSL错误: https://zby.130519.xyz/PLTV/11/224/3221226161/index.m3u8 | 错误: HTTPSConnectionPool(host='zby.130519.xyz', port=443): Max retries exceeded with url: /PLTV/11/224/3221226161/index.m3u8 (Caused by SSLError(SSLError(1, '[SSL: SSLV3_ALERT_HANDSHAKE_FAILURE] sslv3 alert handshake failure (_ssl.c:1082)')))
[2026-10-08 09:09:54] ❌ HTTPS SSL错误: https://zby.130519.xyz/PLTV/11/224/3221226019/index.m3u8 | 错误: HTTPSConnectionPool(host='zby.130519.xyz', port=443): Max retries exceeded with url: /PLTV/11/224/3221226019/index.m3u8 (Caused by SSLError(SSLError(1, '[SSL: SSLV3_ALERT_HANDSHAKE_FAILURE] sslv3 alert handshake failure (_ssl.c:1082)')))
[2026-10-08 09:09:54] ❌ HTTPS SSL错误: https://zby.130519.xyz/PLTV/11/224/3221226094/index.m3u8 | 错误: HTTPSConnectionPool(host='zby.130519.xyz', port=443): Max retries exceeded with url: /PLTV/11/224/3221226094/index.m3u8 (Caused by SSLError(SSLError(1, '[SSL: SSLV3_ALERT_HANDSHAKE_FAILURE] sslv3 alert handshake failure (_ssl.c:1082)')))
[2026-10-08 09:09:54] ❌ HTTPS SSL错误: https://zby.130519.xyz/PLTV/11/224/3221225764/index.m3u8 | 错误: HTTPSConnectionPool(host='zby.130519.xyz', port=443): Max retries exceeded with url: /PLTV/11/224/3221225764/index.m3u8 (Caused by SSLError(SSLError(1, '[SSL: SSLV3_ALERT_HANDSHAKE_FAILURE] sslv3 alert handshake failure (_ssl.c:1082)')))
[2026-10-08 09:09:54] ❌ HTTPS SSL错误: https://zby.130519.xyz/PLTV/11/224/3221226116/index.m3u8 | 错误: HTTPSConnectionPool(host='zby.130519.xyz', port=443): Max retries exceeded with url: /PLTV/11/224/3221226116/index.m3u8 (Caused by SSLError(SSLError(1, '[SSL: SSLV3_ALERT_HANDSHAKE_FAILURE] sslv3 alert handshake failure (_ssl.c:1082)')))
[2026-10-08 09:09:54] ❌ HTTPS SSL错误: https://zby.130519.xyz/PLTV/11/224/3221226118/index.m3u8 | 错误: HTTPSConnectionPool(host='zby.130519.xyz', port=443): Max retries exceeded with url: /PLTV/11/224/3221226118/index.m3u8 (Caused by SSLError(SSLError(1, '[SSL: SSLV3_ALERT_HANDSHAKE_FAILURE] sslv3 alert handshake failure (_ssl.c:1082)')))
[2026-10-08 09:09:54] ❌ HTTPS SSL错误: https://zby.130519.xyz/PLTV/11/224/3221226139/index.m3u8 | 错误: HTTPSConnectionPool(host='zby.130519.xyz', port=443): Max retries exceeded with url: /PLTV/11/224/3221226139/index.m3u8 (Caused by SSLError(SSLError(1, '[SSL: SSLV3_ALERT_HANDSHAKE_FAILURE] sslv3 alert handshake failure (_ssl.c:1082)')))
[2026-10-08 09:09:54] ✅ HTTPS测速成功: https://bcovlive-a.akamaihd.net/rce33d845cb9e42dfa302c7ac345f7858/ap-northeast-1/6282251407001/playlist.m3u8
   速度: 360.35KB/s | 数据量: 0.4KB | 总耗时: 0.09s | 证书: 有效
[2026-10-08 09:09:54] ✅ HTTPS测速成功: https://other.ottiptv.cc/cwjd.m3u8
   速度: 6265.62KB/s | 数据量: 6.3KB | 总耗时: 0.25s | 证书: 有效
[2026-10-08 09:09:54] ✅ HTTPS测速成功: https://tylive.kan0512.com/norecord/csztv4k_4k.m3u8
   速度: 377.93KB/s | 数据量: 0.4KB | 总耗时: 2.20s | 证书: 有效
[2026-10-08 09:09:54] RTMP检测异常: rtmp://f13h.mine.nu/sat/tv051 | [Errno 2] No such file or directory: 'ffmpeg'
[2026-10-08 09:09:54] RTMP检测异常: rtmp://f13h.mine.nu/sat/tv071 | [Errno 2] No such file or directory: 'ffmpeg'
[2026-10-08 09:09:54] RTMP检测异常: rtmp://f13h.mine.nu/sat/tv091 | [Errno 2] No such file or directory: 'ffmpeg'
[2026-10-08 09:09:54] RTMP检测异常: rtmp://f13h.mine.nu/sat/tv111 | [Errno 2] No such file or directory: 'ffmpeg'
[2026-10-08 09:09:54] RTMP检测异常: rtmp://f13h.mine.nu/sat/tv581 | [Errno 2] No such file or directory: 'ffmpeg'
[2026-10-08 09:09:54] RTMP检测异常: rtmp://f13h.mine.nu/sat/tv331 | [Errno 2] No such file or directory: 'ffmpeg'
[2026-10-08 09:09:54] RTMP检测异常: rtmp://f13h.mine.nu/sat/tv761 | [Errno 2] No such file or directory: 'ffmpeg'
[2026-10-08 09:09:54] RTMP检测异常: rtmp://f13h.mine.nu/sat/tv771 | [Errno 2] No such file or directory: 'ffmpeg'
[2026-10-08 09:09:54] RTMP检测异常: rtmp://f13h.mine.nu/sat/tv721 | [Errno 2] No such file or directory: 'ffmpeg'
[2026-10-08 09:09:54] RTMP检测异常: rtmp://f13h.mine.nu/sat/tv701 | [Errno 2] No such file or directory: 'ffmpeg'
[2026-10-08 09:09:54] 🚫 未达阈值 HTTP测速: http://101.35.240.114:88/phenix.php?id=fhzw
   速度: 142.58KB/s | 数据量: 0.1KB | 总耗时: 0.43s | 阈值: 300KB/s
[2026-10-08 09:09:54] 🚫 未达阈值 HTTP测速: http://101.35.240.114:88/brtv8k.php
   速度: 142.58KB/s | 数据量: 0.1KB | 总耗时: 0.42s | 阈值: 300KB/s
[2026-10-08 09:09:54] ✅ 通过阈值 HTTP测速: http://cdn3.163189.xyz/live/j1/stream.m3u8
   速度: 6305.66KB/s | 数据量: 6.3KB | 总耗时: 0.39s | 阈值: 300KB/s
[2026-10-08 09:09:55] 🚫 未达阈值 HTTP测速: http://live-hls.macaulotustv.com/lotustv/macaulotustv.m3u8
   速度: 165.04KB/s | 数据量: 0.2KB | 总耗时: 0.62s | 阈值: 300KB/s
[2026-10-08 09:09:55] 🚫 未达阈值 HTTP测速: http://61.216.67.119:1935/TWHG/E1/chunklist_w705811302.m3u8
   速度: 0.00KB/s | 数据量: 0.0KB | 总耗时: 0.28s | 阈值: 300KB/s
[2026-10-08 09:09:55] RTMP检测异常: rtmp://f13h.mine.nu/sat/tv731 | [Errno 2] No such file or directory: 'ffmpeg'
[2026-10-08 09:09:55] RTMP检测异常: rtmp://f13h.mine.nu/sat/tv741 | [Errno 2] No such file or directory: 'ffmpeg'
[2026-10-08 09:09:55] ✅ HTTPS测速成功: https://cdn5.163189.xyz/live/rthk31/stream.m3u8
   速度: 2836.91KB/s | 数据量: 2.8KB | 总耗时: 0.22s | 证书: 有效
[2026-10-08 09:09:55] ❌ HTTPS SSL错误: https://cdn6.163189.xyz/163189/8tv | 错误: HTTPSConnectionPool(host='cdn6.163189.xyz', port=443): Max retries exceeded with url: /163189/8tv (Caused by SSLError(SSLError(1, '[SSL: SSLV3_ALERT_HANDSHAKE_FAILURE] sslv3 alert handshake failure (_ssl.c:1082)')))
[2026-10-08 09:09:55] ✅ HTTPS测速成功: https://cdn8.163189.xyz/live/lhkt/stream.m3u8
   速度: 3429.69KB/s | 数据量: 3.4KB | 总耗时: 0.26s | 证书: 有效
[2026-10-08 09:09:55] ❌ HTTPS SSL错误: https://cdn6.163189.xyz/163189/ch5 | 错误: HTTPSConnectionPool(host='cdn6.163189.xyz', port=443): Max retries exceeded with url: /163189/ch5 (Caused by SSLError(SSLError(1, '[SSL: SSLV3_ALERT_HANDSHAKE_FAILURE] sslv3 alert handshake failure (_ssl.c:1082)')))
[2026-10-08 09:09:55] ✅ HTTPS测速成功: https://cdn5.163189.xyz/live/rthk32/stream.m3u8
   速度: 2836.91KB/s | 数据量: 2.8KB | 总耗时: 0.21s | 证书: 有效
[2026-10-08 09:09:55] ❌ HTTPS SSL错误: https://cdn6.163189.xyz/163189/ch8 | 错误: HTTPSConnectionPool(host='cdn6.163189.xyz', port=443): Max retries exceeded with url: /163189/ch8 (Caused by SSLError(SSLError(1, '[SSL: SSLV3_ALERT_HANDSHAKE_FAILURE] sslv3 alert handshake failure (_ssl.c:1082)')))
[2026-10-08 09:09:55] ❌ HTTPS SSL错误: https://cdn6.163189.xyz/163189/as | 错误: HTTPSConnectionPool(host='cdn6.163189.xyz', port=443): Max retries exceeded with url: /163189/as (Caused by SSLError(SSLError(1, '[SSL: SSLV3_ALERT_HANDSHAKE_FAILURE] sslv3 alert handshake failure (_ssl.c:1082)')))
[2026-10-08 09:09:55] ❌ HTTPS SSL错误: https://cdn6.163189.xyz/163189/chu | 错误: HTTPSConnectionPool(host='cdn6.163189.xyz', port=443): Max retries exceeded with url: /163189/chu (Caused by SSLError(SSLError(1, '[SSL: SSLV3_ALERT_HANDSHAKE_FAILURE] sslv3 alert handshake failure (_ssl.c:1082)')))
[2026-10-08 09:09:55] ✅ HTTPS测速成功: https://pulltv2.wanfudaluye.com/live/tv2.m3u8
   速度: 0.00KB/s | 数据量: 0.0KB | 总耗时: 0.10s | 证书: 有效
[2026-10-08 09:09:55] ❌ HTTPS SSL错误: https://cdn6.163189.xyz/163189/asam | 错误: HTTPSConnectionPool(host='cdn6.163189.xyz', port=443): Max retries exceeded with url: /163189/asam (Caused by SSLError(SSLError(1, '[SSL: SSLV3_ALERT_HANDSHAKE_FAILURE] sslv3 alert handshake failure (_ssl.c:1082)')))
[2026-10-08 09:09:55] ✅ HTTPS测速成功: https://live.tvfix.org/live/cmc/index.m3u8
   速度: 0.00KB/s | 数据量: 0.0KB | 总耗时: 0.53s | 证书: 无效
[2026-10-08 09:09:55] ✅ HTTPS测速成功: https://pulltv1.wanfudaluye.com/live/tv1.m3u8
   速度: 0.00KB/s | 数据量: 0.0KB | 总耗时: 0.33s | 证书: 有效
[2026-10-08 09:09:55] ✅ HTTPS测速成功: https://live.tvfix.org/live/mydy/index.m3u8
   速度: 0.00KB/s | 数据量: 0.0KB | 总耗时: 0.64s | 证书: 无效
[2026-10-08 09:09:56] 🚫 未达阈值 HTTP测速: http://tv.pull.hebtv.com/jishi/shaoerkejiao.m3u8?t=2510710360&k=4ff4446adf3cce3de40dd013255b38b2
   速度: 35.16KB/s | 数据量: 0.0KB | 总耗时: 0.74s | 阈值: 300KB/s
[2026-10-08 09:09:56] ✅ 通过阈值 HTTP测速: http://www.goodiptv.club/douyu/747764
   速度: 342.19KB/s | 数据量: 154.0KB | 总耗时: 1.42s | 阈值: 300KB/s
[2026-10-08 09:09:57] ✅ HTTPS测速成功: https://livestream-bt.nmtv.cn/nmtv/2318general.m3u8?txSecret=a2c948908728a0733cecbe1fadea23dc&txTime=771E8800
   速度: 0.00KB/s | 数据量: 0.0KB | 总耗时: 0.89s | 证书: 有效
[2026-10-08 09:09:57] ✅ 通过阈值 HTTP测速: http://cdn9.163189.xyz/smt3.1.1.php?id=Tvbclassic
   速度: 7026.37KB/s | 数据量: 7.0KB | 总耗时: 3.07s | 阈值: 300KB/s
[2026-10-08 09:09:57] ✅ 通过阈值 HTTP测速: http://cdn9.163189.xyz/live/as/stream.m3u8
   速度: 7026.37KB/s | 数据量: 7.0KB | 总耗时: 3.28s | 阈值: 300KB/s
[2026-10-08 09:09:58] ✅ HTTPS测速成功: https://hsplay-360.v.btime.com/live_btime/btv_sn_20170706_s4/index.m3u8?time=1742954511&sign=5241ba5667bd08639fd195ea9db6da5a
   速度: 146.48KB/s | 数据量: 0.1KB | 总耗时: 0.17s | 证书: 有效
[2026-10-08 09:09:58] ✅ HTTPS测速成功: https://vip.ffzy-play.com/20221018/1951_47e1adc8/index.m3u8
   速度: 399.41KB/s | 数据量: 0.4KB | 总耗时: 1.75s | 证书: 有效
[2026-10-08 09:09:58] ✅ HTTPS测速成功: https://hsplay-360.v.btime.com/live_btime/btv_sn_20170706_s2/index.m3u8?time=1742954441&sign=36eca1b00f7de9e79ecc4449bcaa35d5
   速度: 146.48KB/s | 数据量: 0.1KB | 总耗时: 0.12s | 证书: 有效
[2026-10-08 09:09:58] ✅ HTTPS测速成功: https://vip.ffzy-play.com/20221018/1953_2d6ba500/index.m3u8
   速度: 399.41KB/s | 数据量: 0.4KB | 总耗时: 1.77s | 证书: 有效
[2026-10-08 09:09:58] ✅ HTTPS测速成功: https://vip.ffzy-online.com/20221015/719_80ff87c2/index.m3u8
   速度: 399.41KB/s | 数据量: 0.4KB | 总耗时: 2.03s | 证书: 有效
[2026-10-08 09:09:58] ✅ HTTPS测速成功: https://vip.ffzy-online.com/20221015/722_e32c42bc/index.m3u8
   速度: 399.41KB/s | 数据量: 0.4KB | 总耗时: 2.03s | 证书: 有效
[2026-10-08 09:09:58] ✅ HTTPS测速成功: https://vip.ffzy-play7.com/20230112/11082_fde1a94d/index.m3u8
   速度: 399.41KB/s | 数据量: 0.4KB | 总耗时: 2.03s | 证书: 有效
[2026-10-08 09:09:59] ✅ 通过阈值 HTTP测速: http://120.76.248.139/live/bfgd/4200000229.m3u8
   速度: 859.38KB/s | 数据量: 0.9KB | 总耗时: 0.57s | 阈值: 300KB/s
[2026-10-08 09:09:59] ✅ 通过阈值 HTTP测速: http://p2.vzan.com/527645544/149039617847513156/live.m3u8
   速度: 591.80KB/s | 数据量: 0.6KB | 总耗时: 0.59s | 阈值: 300KB/s
[2026-10-08 09:09:59] RTMP检测异常: rtmp://tv.mcrm.org.cn:1935/channellive/tv01 | [Errno 2] No such file or directory: 'ffmpeg'
[2026-10-08 09:09:59] 🚫 未达阈值 HTTP测速: http://tvfile.lzgbdst.com/nmip-media/channellive/channel106876/playlist.m3u8?zsicd
   速度: 174.80KB/s | 数据量: 0.2KB | 总耗时: 0.65s | 阈值: 300KB/s
[2026-10-08 09:09:59] ✅ HTTPS测速成功: https://vip.ffzy-play6.com/20221019/157_bf0740ee/index.m3u8
   速度: 399.41KB/s | 数据量: 0.4KB | 总耗时: 1.63s | 证书: 有效
[2026-10-08 09:09:59] ✅ HTTPS测速成功: https://vip.ffzy-play1.com/20221018/478_c3afed66/index.m3u8
   速度: 399.41KB/s | 数据量: 0.4KB | 总耗时: 1.48s | 证书: 有效
[2026-10-08 09:09:59] RTMP检测异常: rtmp://tv.yunxya.com:1937/channellive/shimian | [Errno 2] No such file or directory: 'ffmpeg'
[2026-10-08 09:09:59] ✅ HTTPS测速成功: https://pili-live-hls.wdit.com.cn/wditlive/c038f4fafbdf4f97ba74c74ad67259b931ee.m3u8
   速度: 206.05KB/s | 数据量: 0.2KB | 总耗时: 0.34s | 证书: 有效
[2026-10-08 09:09:59] ✅ 通过阈值 HTTP测速: http://120.76.248.139/live/bfgd/4200000480.m3u8
   速度: 859.38KB/s | 数据量: 0.9KB | 总耗时: 0.54s | 阈值: 300KB/s
[2026-10-08 09:09:59] ✅ 通过阈值 HTTP测速: http://120.76.248.139/live/bfgd/4200000481.m3u8
   速度: 859.38KB/s | 数据量: 0.9KB | 总耗时: 0.56s | 阈值: 300KB/s
[2026-10-08 09:09:59] ✅ HTTPS测速成功: https://ali-m-l.cztv.com/channels/lantian/channel003/1080p.m3u8
   速度: 291.99KB/s | 数据量: 0.3KB | 总耗时: 0.53s | 证书: 有效
[2026-10-08 09:10:00] ✅ HTTPS测速成功: https://ali-m-l.cztv.com/channels/lantian/channel012/1080p.m3u8
   速度: 291.99KB/s | 数据量: 0.3KB | 总耗时: 0.60s | 证书: 有效
[2026-10-08 09:10:00] ✅ 通过阈值 HTTP测速: http://cdn2.163189.xyz/live/gdzj/stream.m3u8
   速度: 3429.69KB/s | 数据量: 3.4KB | 总耗时: 0.17s | 阈值: 300KB/s
[2026-10-08 09:10:00] ✅ 通过阈值 HTTP测速: http://cdn2.163189.xyz/live/gdty/stream.m3u8
   速度: 3429.69KB/s | 数据量: 3.4KB | 总耗时: 0.15s | 阈值: 300KB/s
[2026-10-08 09:10:00] 🚫 未达阈值 HTTP测速: http://live.wanyuannews.com/wytv/hd/live.m3u8?zsicd
   速度: 0.00KB/s | 数据量: 0.0KB | 总耗时: 0.95s | 阈值: 300KB/s
[2026-10-08 09:10:00] ✅ 通过阈值 HTTP测速: http://120.76.248.139/live/bfgd/4200000068.m3u8
   速度: 862.30KB/s | 数据量: 0.9KB | 总耗时: 0.55s | 阈值: 300KB/s
[2026-10-08 09:10:00] ✅ HTTPS测速成功: https://vip.ffzy-play7.com/20230116/11563_b9f44814/index.m3u8
   速度: 399.41KB/s | 数据量: 0.4KB | 总耗时: 1.84s | 证书: 有效
[2026-10-08 09:10:01] 🚫 未达阈值 HTTP测速: http://tvfile.swrmt.com:80/nmip-media/channellive/channel100064/playlist.m3u8
   速度: 146.48KB/s | 数据量: 0.1KB | 总耗时: 2.03s | 阈值: 300KB/s
[2026-10-08 09:10:01] 🚫 未达阈值 HTTP测速: http://cnpull.sccnfb.com:80/live/123456.m3u8
   速度: 35.16KB/s | 数据量: 0.0KB | 总耗时: 2.22s | 阈值: 300KB/s
[2026-10-08 09:10:01] 🚫 未达阈值 HTTP测速: http://tv.pull.hebtv.com/jishi/weishipindao.m3u8?t=2510710360&k=3d44740039027301acf8341d7361ab59
   速度: 35.16KB/s | 数据量: 0.0KB | 总耗时: 0.44s | 阈值: 300KB/s
[2026-10-08 09:10:02] ✅ 通过阈值 HTTP测速: http://jwplay.hebyun.com.cn/live/xtsrmtzs/1500k/tzwj_video.m3u8
   速度: 525.39KB/s | 数据量: 0.5KB | 总耗时: 0.52s | 阈值: 300KB/s
[2026-10-08 09:10:02] 🚫 未达阈值 HTTP测速: http://nn.7x9d.cn/石家庄.php?id=4
   速度: 142.58KB/s | 数据量: 0.1KB | 总耗时: 1.14s | 阈值: 300KB/s
[2026-10-08 09:10:03] ✅ HTTPS测速成功: https://jwcdnqx.hebyun.com.cn/live/hdgg/1500k/tzwj_video.m3u8
   速度: 149.41KB/s | 数据量: 0.1KB | 总耗时: 0.77s | 证书: 有效
[2026-10-08 09:10:03] 🚫 未达阈值 HTTP测速: http://www.cdnstv.com:6398/hls/1116/index.m3u8
   速度: 158.20KB/s | 数据量: 0.2KB | 总耗时: 3.74s | 阈值: 300KB/s
[2026-10-08 09:10:03] 🚫 未达阈值 HTTP测速: http://www.cdnstv.com:6398/hls/1118/index.m3u8
   速度: 158.20KB/s | 数据量: 0.2KB | 总耗时: 3.49s | 阈值: 300KB/s
[2026-10-08 09:10:03] 🚫 未达阈值 HTTP测速: http://www.cdnstv.com:6398/hls/1120/index.m3u
   速度: 158.20KB/s | 数据量: 0.2KB | 总耗时: 3.37s | 阈值: 300KB/s
[2026-10-08 09:10:03] 🚫 未达阈值 HTTP测速: http://www.cdnstv.com:6398/hls/1114/index.m3u8
   速度: 158.20KB/s | 数据量: 0.2KB | 总耗时: 3.82s | 阈值: 300KB/s
[2026-10-08 09:10:03] 🚫 未达阈值 HTTP测速: http://www.cdnstv.com:6398/hls/1113/index.m3u8
   速度: 158.20KB/s | 数据量: 0.2KB | 总耗时: 3.68s | 阈值: 300KB/s
[2026-10-08 09:10:03] 🚫 未达阈值 HTTP测速: http://www.cdnstv.com:6398/hls/1119/index.m3u8
   速度: 158.20KB/s | 数据量: 0.2KB | 总耗时: 3.70s | 阈值: 300KB/s
[2026-10-08 09:10:03] 🚫 未达阈值 HTTP测速: http://www.cdnstv.com:6398/hls/1112/index.m3u8
   速度: 158.20KB/s | 数据量: 0.2KB | 总耗时: 3.70s | 阈值: 300KB/s
[2026-10-08 09:10:04] ✅ 通过阈值 HTTP测速: http://p8.vzan.com/slowlive/034028687228317362/live.m3u8
   速度: 593.75KB/s | 数据量: 0.6KB | 总耗时: 0.51s | 阈值: 300KB/s
[2026-10-08 09:10:04] ✅ HTTPS测速成功: https://jwcdnqx.hebyun.com.cn/live/luquaner/1500k/tzwj_video.m3u8
   速度: 149.41KB/s | 数据量: 0.1KB | 总耗时: 0.89s | 证书: 有效
[2026-10-08 09:10:04] 🚫 未达阈值 HTTP测速: http://stream.appwuhan.com/2tzb/sd/live.m3u8
   速度: 0.00KB/s | 数据量: 0.0KB | 总耗时: 0.86s | 阈值: 300KB/s
[2026-10-08 09:10:04] 🚫 未达阈值 HTTP测速: http://stream.appwuhan.com/3tzb/sd/live.m3u8
   速度: 0.00KB/s | 数据量: 0.0KB | 总耗时: 0.88s | 阈值: 300KB/s
[2026-10-08 09:10:04] 🚫 未达阈值 HTTP测速: http://stream.appwuhan.com/4tzb/sd/live.m3u8
   速度: 0.00KB/s | 数据量: 0.0KB | 总耗时: 0.88s | 阈值: 300KB/s
[2026-10-08 09:10:04] 🚫 未达阈值 HTTP测速: http://stream.appwuhan.com/5tzb/sd/live.m3u8
   速度: 0.00KB/s | 数据量: 0.0KB | 总耗时: 0.88s | 阈值: 300KB/s
[2026-10-08 09:10:04] 🚫 未达阈值 HTTP测速: http://stream.appwuhan.com/1tzb/sd/live.m3u8
   速度: 0.00KB/s | 数据量: 0.0KB | 总耗时: 0.91s | 阈值: 300KB/s
[2026-10-08 09:10:04] 🚫 未达阈值 HTTP测速: http://stream.appwuhan.com/6tzb/sd/live.m3u8
   速度: 0.00KB/s | 数据量: 0.0KB | 总耗时: 0.89s | 阈值: 300KB/s
[2026-10-08 09:10:05] ✅ HTTPS测速成功: https://jwcdnqx.hebyun.com.cn/live/luquanyi/1500k/tzwj_video.m3u8
   速度: 149.41KB/s | 数据量: 0.1KB | 总耗时: 1.74s | 证书: 有效
[2026-10-08 09:10:05] ✅ HTTPS测速成功: https://livestream-bt.nmtv.cn/nmtv/2320general.m3u8?txSecret=4d368a175afa19737a9f5be10af24fe2&txTime=771E8800
   速度: 0.00KB/s | 数据量: 0.0KB | 总耗时: 0.66s | 证书: 有效
[2026-10-08 09:10:05] ✅ HTTPS测速成功: https://livestream-bt.nmtv.cn/nmtv/2316general.m3u8?txSecret=b4373417a82ed64e52b0982a66da8df2&txTime=771E8800
   速度: 0.00KB/s | 数据量: 0.0KB | 总耗时: 0.83s | 证书: 有效
[2026-10-08 09:10:05] ✅ HTTPS测速成功: https://livestream-bt.nmtv.cn/nmtv/2317general.m3u8?txSecret=112b2c4c872de52b0f37aff6ead63ef0&txTime=771E8800
   速度: 0.00KB/s | 数据量: 0.0KB | 总耗时: 0.82s | 证书: 有效
[2026-10-08 09:10:05] ✅ HTTPS测速成功: https://livestream-bt.nmtv.cn/nmtv/2331general.m3u8?txSecret=4d7342ca5cd74480526ab6d292247aff&txTime=771E8800
   速度: 0.00KB/s | 数据量: 0.0KB | 总耗时: 0.64s | 证书: 有效
[2026-10-08 09:10:06] ✅ HTTPS测速成功: https://livestream-bt.nmtv.cn/nmtv/2319general.m3u8?txSecret=c7b5c515d2bb6df442492d54955329a3&txTime=771E8800
   速度: 0.00KB/s | 数据量: 0.0KB | 总耗时: 0.85s | 证书: 有效
[2026-10-08 09:10:06] ✅ HTTPS测速成功: https://livestream-bt.nmtv.cn/nmtv/2358general.m3u8?txSecret=98390a77c143a68f0fd64bfe6e181dcb&txTime=771E8800
   速度: 0.00KB/s | 数据量: 0.0KB | 总耗时: 0.93s | 证书: 有效
[2026-10-08 09:10:06] ✅ HTTPS测速成功: https://livestream-bt.nmtv.cn/nmtv/2321general.m3u8?txSecret=d9d0fd7a252ef56b515c46a2e21830f4&txTime=771E8800
   速度: 0.00KB/s | 数据量: 0.0KB | 总耗时: 1.01s | 证书: 有效
[2026-10-08 09:10:06] ✅ HTTPS测速成功: https://livestream-bt.nmtv.cn/nmtv/2315general.m3u8?txSecret=4971666599ef9411629213c9a300bf66&txTime=771EF880
   速度: 0.00KB/s | 数据量: 0.0KB | 总耗时: 1.07s | 证书: 有效
[2026-10-08 09:10:06] ✅ HTTPS测速成功: https://livestream-bt.nmtv.cn/nmtv/2348general.m3u8?txSecret=6a4ddce077e41b976fe33619fbef2b30&txTime=771E8800
   速度: 0.00KB/s | 数据量: 0.0KB | 总耗时: 0.82s | 证书: 有效
[2026-10-08 09:10:07] ✅ HTTPS测速成功: https://livestream-bt.nmtv.cn/nmtv/2351general.m3u8?txSecret=8857087aeec2cec44d178a18550fdb8a&txTime=771E8800
   速度: 0.00KB/s | 数据量: 0.0KB | 总耗时: 0.62s | 证书: 有效
[2026-10-08 09:10:07] ✅ HTTPS测速成功: https://livestream-bt.nmtv.cn/nmtv/2354general.m3u8?txSecret=cf5f71d0000862b18f5813607b3dfd5b&txTime=771E8800
   速度: 0.00KB/s | 数据量: 0.0KB | 总耗时: 0.67s | 证书: 有效
[2026-10-08 09:10:07] ✅ HTTPS测速成功: https://livestream-bt.nmtv.cn/nmtv/2349general.m3u8?txSecret=e44477052aba305cadeea45aaf1c674a&txTime=771E8800
   速度: 0.00KB/s | 数据量: 0.0KB | 总耗时: 1.97s | 证书: 有效
[2026-10-08 09:10:07] 🚫 未达阈值 HTTP测速: http://liveflash.sxrtv.com/live/sxfilm.m3u8?sub_m3u8=true&edge_slice=true
   速度: 0.00KB/s | 数据量: 0.0KB | 总耗时: 1.10s | 阈值: 300KB/s
[2026-10-08 09:10:07] 🚫 未达阈值 HTTP测速: http://liveflash.sxrtv.com/live/huanghe.m3u8?sub_m3u8=true&edge_slice=true
   速度: 0.00KB/s | 数据量: 0.0KB | 总耗时: 1.48s | 阈值: 300KB/s
[2026-10-08 09:10:07] 🚫 未达阈值 HTTP测速: http://liveflash.sxrtv.com/live/sxfinance.m3u8?sub_m3u8=true&edge_slice=true
   速度: 0.00KB/s | 数据量: 0.0KB | 总耗时: 1.46s | 阈值: 300KB/s
[2026-10-08 09:10:07] 🚫 未达阈值 HTTP测速: http://liveflash.sxrtv.com/live/sxedu.m3u8?sub_m3u8=true&edge_slice=true
   速度: 0.00KB/s | 数据量: 0.0KB | 总耗时: 1.06s | 阈值: 300KB/s
[2026-10-08 09:10:07] 🚫 未达阈值 HTTP测速: http://liveflash.sxrtv.com/live/sxpublic.m3u8?sub_m3u8=true&edge_slice=true
   速度: 0.00KB/s | 数据量: 0.0KB | 总耗时: 1.04s | 阈值: 300KB/s
[2026-10-08 09:10:07] ✅ HTTPS测速成功: https://hls.gstv.com.cn/49048r/10iv1j.m3u8
   速度: 146.48KB/s | 数据量: 0.1KB | 总耗时: 0.65s | 证书: 有效
[2026-10-08 09:10:08] 🚫 未达阈值 HTTP测速: http://play-live-hls.jxtvcn.com.cn/live/tv_ganzhou.m3u8
   速度: 0.00KB/s | 数据量: 0.0KB | 总耗时: 1.08s | 阈值: 300KB/s
[2026-10-08 09:10:08] ✅ HTTPS测速成功: https://pili-live-hls-sjxgz2024.sobeylive.com/jxgz2024/396_q_live172526334096251.m3u8
   速度: 150.39KB/s | 数据量: 0.2KB | 总耗时: 0.56s | 证书: 无效
[2026-10-08 09:10:08] ✅ HTTPS测速成功: https://pili-live-hls-sjxgz2024.sobeylive.com/jxgz2024/396_q_live172526329228525.m3u8
   速度: 150.39KB/s | 数据量: 0.2KB | 总耗时: 0.67s | 证书: 无效
[2026-10-08 09:10:08] ✅ 通过阈值 HTTP测速: http://fl2.moveonjoy.com/BBC_WORLD_NEWS/index.m3u8
   速度: 1120.12KB/s | 数据量: 1.1KB | 总耗时: 0.18s | 阈值: 300KB/s
[2026-10-08 09:10:09] ✅ HTTPS测速成功: https://jmp2.uk/sam-GBBD8000016N.m3u8
   速度: 142.58KB/s | 数据量: 0.1KB | 总耗时: 0.50s | 证书: 有效
[2026-10-08 09:10:09] ✅ HTTPS测速成功: https://jmp2.uk/sam-USBA300024TN.m3u8
   速度: 142.58KB/s | 数据量: 0.1KB | 总耗时: 0.50s | 证书: 有效
[2026-10-08 09:10:09] ❌ HTTPS SSL错误: https://tv-trtworld.live.trt.com.tr/master_1080.m3u8 | 错误: HTTPSConnectionPool(host='tv-trtworld.live.trt.com.tr', port=443): Max retries exceeded with url: /master_1080.m3u8 (Caused by SSLError(SSLError(1, '[SSL: SSLV3_ALERT_HANDSHAKE_FAILURE] sslv3 alert handshake failure (_ssl.c:1082)')))
[2026-10-08 09:10:09] ✅ HTTPS测速成功: https://jmp2.uk/sam-GBBB1500004LG.m3u8
   速度: 142.58KB/s | 数据量: 0.1KB | 总耗时: 0.50s | 证书: 有效
[2026-10-08 09:10:09] ✅ HTTPS测速成功: https://pili-live-hls-sjxgz2024.sobeylive.com/jxgz2024/396_q_live172526335287668.m3u8
   速度: 150.39KB/s | 数据量: 0.2KB | 总耗时: 1.53s | 证书: 无效
[2026-10-08 09:10:09] ✅ HTTPS测速成功: https://dikcfc9915kp8.cloudfront.net/hls/1080p/playlist.m3u8
   速度: 495.12KB/s | 数据量: 0.5KB | 总耗时: 0.36s | 证书: 有效
[2026-10-08 09:10:09] ✅ HTTPS测速成功: https://i.mjh.nz/SamsungTVPlus/USBB52000022Q.m3u8
   速度: 142.58KB/s | 数据量: 0.1KB | 总耗时: 0.38s | 证书: 有效
[2026-10-08 09:10:09] ✅ HTTPS测速成功: https://i.mjh.nz/SamsungTVPlus/GBBC900012J9.m3u8
   速度: 142.58KB/s | 数据量: 0.1KB | 总耗时: 0.38s | 证书: 有效
[2026-10-08 09:10:09] 🚫 未达阈值 HTTP测速: http://91.247.68.229:8000/play/Fashion/index.m3u8
   速度: 115.23KB/s | 数据量: 0.1KB | 总耗时: 0.37s | 阈值: 300KB/s
[2026-10-08 09:10:09] ✅ HTTPS测速成功: https://svip.high24-playback.com/20250129/17159_7bca93c4/2000k/hls/mixed.m3u8
   速度: 398.44KB/s | 数据量: 0.4KB | 总耗时: 1.25s | 证书: 有效
[2026-10-08 09:10:09] ✅ HTTPS测速成功: https://bcovlive-a.akamaihd.net/re8d9f611ee4a490a9bb59e52db91414d/us-east-1/734546207001/playlist.m3u8
   速度: 364.26KB/s | 数据量: 0.4KB | 总耗时: 0.08s | 证书: 有效
[2026-10-08 09:10:09] ✅ HTTPS测速成功: https://svipsvip.ffzyread1.com/20250129/35458_c988286f/index.m3u8
   速度: 399.41KB/s | 数据量: 0.4KB | 总耗时: 1.69s | 证书: 有效
[2026-10-08 09:10:09] ✅ HTTPS测速成功: https://kbsworld-ott.akamaized.net/hls/live/2002341/kbsworld/master.m3u8
   速度: 302.73KB/s | 数据量: 0.3KB | 总耗时: 0.11s | 证书: 有效
[2026-10-08 09:10:10] ✅ HTTPS测速成功: https://i.mjh.nz/SamsungTVPlus/USBD12000255B.m3u8
   速度: 142.58KB/s | 数据量: 0.1KB | 总耗时: 0.49s | 证书: 有效
[2026-10-08 09:10:10] ✅ HTTPS测速成功: https://i.mjh.nz/SamsungTVPlus/GBBB1600008R3.m3u8
   速度: 142.58KB/s | 数据量: 0.1KB | 总耗时: 0.42s | 证书: 有效
[2026-10-08 09:10:10] ✅ HTTPS测速成功: https://i.mjh.nz/SamsungTVPlus/USBD300002TU.m3u8
   速度: 142.58KB/s | 数据量: 0.1KB | 总耗时: 0.40s | 证书: 有效
[2026-10-08 09:10:10] ✅ HTTPS测速成功: https://i.mjh.nz/SamsungTVPlus/USBA3800005NI.m3u8
   速度: 142.58KB/s | 数据量: 0.1KB | 总耗时: 0.36s | 证书: 有效
[2026-10-08 09:10:10] ✅ HTTPS测速成功: https://i.mjh.nz/SamsungTVPlus/USBD300003LK.m3u8
   速度: 142.58KB/s | 数据量: 0.1KB | 总耗时: 0.42s | 证书: 有效
[2026-10-08 09:10:10] ✅ HTTPS测速成功: https://i.mjh.nz/SamsungTVPlus/GBBB5000002PL.m3u8
   速度: 142.58KB/s | 数据量: 0.1KB | 总耗时: 0.48s | 证书: 有效
[2026-10-08 09:10:10] ✅ HTTPS测速成功: https://i.mjh.nz/SamsungTVPlus/GBBD1100012JB.m3u8
   速度: 142.58KB/s | 数据量: 0.1KB | 总耗时: 0.09s | 证书: 有效
[2026-10-08 09:10:10] ✅ HTTPS测速成功: https://i.mjh.nz/SamsungTVPlus/USAJ3504705A.m3u8
   速度: 142.58KB/s | 数据量: 0.1KB | 总耗时: 0.40s | 证书: 有效
[2026-10-08 09:10:10] ✅ HTTPS测速成功: https://i.mjh.nz/SamsungTVPlus/GBBC4300005AL.m3u8
   速度: 142.58KB/s | 数据量: 0.1KB | 总耗时: 0.42s | 证书: 有效
[2026-10-08 09:10:10] ✅ HTTPS测速成功: https://i.mjh.nz/SamsungTVPlus/CABD1200002T9.m3u8
   速度: 142.58KB/s | 数据量: 0.1KB | 总耗时: 0.43s | 证书: 有效
[2026-10-08 09:10:10] ✅ HTTPS测速成功: https://i.mjh.nz/SamsungTVPlus/USBD17000117B.m3u8
   速度: 142.58KB/s | 数据量: 0.1KB | 总耗时: 0.42s | 证书: 有效
[2026-10-08 09:10:15] ✅ HTTPS测速成功: https://hls.gstv.com.cn/49048r/l54391.m3u8
   速度: 146.48KB/s | 数据量: 0.1KB | 总耗时: 6.78s | 证书: 有效
[2026-10-08 09:10:16] ✅ HTTPS测速成功: https://hls.gstv.com.cn/49048r/922k96.m3u8
   速度: 146.48KB/s | 数据量: 0.1KB | 总耗时: 9.83s | 证书: 有效
[2026-10-08 09:10:23] ✅ HTTPS测速成功: https://hls.gstv.com.cn/49048r/w1l6d5.m3u8
   速度: 146.48KB/s | 数据量: 0.1KB | 总耗时: 0.68s | 证书: 有效
[2026-10-08 09:10:45] ✅ HTTPS测速成功: https://hls.gstv.com.cn/49048r/3t5xyc.m3u8
   速度: 146.48KB/s | 数据量: 0.1KB | 总耗时: 12.86s | 证书: 有效
